,Source,Group,Clone,Expected NGS read,scFv.AA,VH.DNA,VH.AA,VL.DNA,VL.AA,VH-hIgG1.pRK Tapir,VL-pRK Tapir,Count,Tracks,d3b notes,T200 D3b ka (1/Ms),T200 D3b kd (1/s),T200 D3b KD (M),T200 D3b fold improvement,d3c notes,T200 D3c ka (1/Ms),T200 D3c kd (1/s),T200 D3c KD (M),T200 D3c fold improvement,D3b/D3c fold improvement geometric mean,"Inferred fitness, e","Inferred fitness, e mean","Inferred fitness, f","Inferred fitness, f mean","Inferred fitness, h","Inferred fitness, h mean",Log h mean inferred fitness
0,Baseline,Baseline,FGFR1.YSD.1C2-AM201,DEADYYCTSYTSSSTVVFGGGTKLTVLGTTAASGSSGGSSSGAEVQLLESGGGLVQPGGSLRLSCAASGFTFSDYGMHWVRQAPGKGLEWVAVISFDGSNKYYADSVKGRFTISRDNSKNTLYLQMNSLRAEDTAVYYCARGFWDDAGWSFDYWGQGTLVTVSS,QSALTQPASVSGSPGQSITISCTGTSSDVGGYNYVSWYQQHPGKAPKLMIYEVSNRPSWVSNRFSGSKSGNTASLTISGLQAEDEADYYCTSYTSSSTVVFGGGTKLTVLGTTAASGSSGGSSSGAEVQLLESGGGLVQPGGSLRLSCAASGFTFSDYGMHWVRQAPGKGLEWVAVISFDGSNKYYADSVKGRFTISRDNSKNTLYLQMNSLRAEDTAVYYCARGFWDDAGWSFDYWGQGTLVTVSS,GAGGTGCAGCTGTTGGAGTCTGGGGGAGGCTTGGTACAGCCTGGGGGGTCCCTGAGACTCTCCTGTGCAGCCTCTGGGTTCACTTTTAGCGACTATGGTATGCACTGGGTCCGCCAGGCTCCAGGCAAGGGGCTAGAGTGGGTGGCAGTTATCAGCTTCGATGGCTCTAATAAGTACTACGCAGACTCCGTGAAGGGCCGATTCACCATCTCCAGAGACAATTCCAAGAACACGCTGTATCTGCAAATGAACAGCCTGAGAGCCGAGGACACGGCCGTGTATTACTGTGCGAGAGGATTCTGGGATGATGCGGGTTGGAGTTTTGACTACTGGGGCCAAGGAACCCTGGTCACCGTCTCCTCA,EVQLLESGGGLVQPGGSLRLSCAASGFTFSDYGMHWVRQAPGKGLEWVAVISFDGSNKYYADSVKGRFTISRDNSKNTLYLQMNSLRAEDTAVYYCARGFWDDAGWSFDYWGQGTLVTVSS,CAGTCTGCCCTGACTCAGCCTGCCTCCGTGTCTGGGTCTCCTGGACAGTCGATCACCATCTCCTGCACCGGCACATCATCAGATGTGGGAGGTTACAACTATGTCAGTTGGTACCAACAGCACCCAGGCAAAGCCCCCAAACTCATGATTTATGAGGTCAGTAATCGGCCCTCATGGGTTTCTAATCGCTTCTCTGGCTCCAAGTCTGGCAACACGGCCTCCCTGACCATCTCTGGGCTCCAGGCTGAGGACGAGGCTGATTATTACTGCACCTCCTACACCAGTTCCAGTACGGTGGTATTCGGCGGAGGGACCAAGCTGACCGTCCTA,QSALTQPASVSGSPGQSITISCTGTSSDVGGYNYVSWYQQHPGKAPKLMIYEVSNRPSWVSNRFSGSKSGNTASLTISGLQAEDEADYYCTSYTSSSTVVFGGGTKLTVL,DNA1AH90619,DNA1AH90644,1,1,,169000,0.000437,2.59E-09,2.6,,168000,0.000647,3.86E-09,6.3,4.047221269,27.73915,27.73915,26.23812,26.23812,38.01275,38.01275,1.579929289
1,Baseline,Baseline,FGFR1.YSD.1C2-AM202,DEADYYCTSYTSTSSVVFGGGTKLTVLGTTAASGSSGGSSSGAEVQLLESGGGLVQPGGSLRLSCAASGFSFGSYGMHWVRQAPGKGLEWVAVISYDGSNKYYADSVKGRFTISRDNSKNTLYLQMNSLRAEDTAVYYCARGFWDDAGWSFDYWGQGTLVTASS,QSALTQPASVSGSPGQSITISCTGTSSDVGGYNYVSWYQQHPGKAPKLMIYEVSNRPSGVSNRFSGSKSGNTASLTISGLQAEDEADYYCTSYTSTSSVVFGGGTKLTVLGTTAASGSSGGSSSGAEVQLLESGGGLVQPGGSLRLSCAASGFSFGSYGMHWVRQAPGKGLEWVAVISYDGSNKYYADSVKGRFTISRDNSKNTLYLQMNSLRAEDTAVYYCARGFWDDAGWSFDYWGQGTLVTASS,GAGGTGCAGCTGTTGGAGTCTGGGGGAGGCTTGGTACAGCCTGGGGGGTCCCTGAGACTCTCCTGTGCAGCCTCTGGGTTCTCATTTGGTAGTTATGGCATGCACTGGGTCCGCCAGGCTCCAGGCAAGGGGCTAGAGTGGGTGGCAGTTATTAGTTATGATGGCTCTAACAAGTACTACGCAGACTCCGTGAAGGGCCGATTCACCATCTCCAGAGACAATTCCAAGAACACGCTGTATCTGCAAATGAACAGCCTGAGAGCTGAGGACACGGCCGTGTATTACTGTGCGAGAGGATTCTGGGATGATGCGGGTTGGAGTTTTGACTACTGGGGCCAAGGAACCCTGGTCACCGCCTCCTCA,EVQLLESGGGLVQPGGSLRLSCAASGFSFGSYGMHWVRQAPGKGLEWVAVISYDGSNKYYADSVKGRFTISRDNSKNTLYLQMNSLRAEDTAVYYCARGFWDDAGWSFDYWGQGTLVTASS,CAGTCTGCCCTGACTCAGCCTGCCTCCGTGTCTGGGTCTCCTGGACAGTCGATCACCATCTCCTGCACTGGAACTAGTAGTGACGTGGGAGGATACAACTATGTGTCTTGGTACCAACAGCACCCAGGCAAAGCCCCCAAACTCATGATTTATGAGGTCAGTAATCGGCCCTCAGGGGTTTCTAATCGCTTCTCTGGCTCCAAGTCTGGCAACACGGCCTCCCTGACCATCTCTGGGCTCCAGGCTGAGGACGAGGCTGATTATTACTGCACATCCTATACGTCTACCTCTTCCGTCGTATTCGGCGGAGGGACCAAGCTGACCGTCCTA,QSALTQPASVSGSPGQSITISCTGTSSDVGGYNYVSWYQQHPGKAPKLMIYEVSNRPSGVSNRFSGSKSGNTASLTISGLQAEDEADYYCTSYTSTSSVVFGGGTKLTVL,DNA1AH90620,DNA1AH90645,1,1,,180000,0.00087,4.83E-09,1.4,,195000,0.00148,7.62E-09,3.2,2.116601049,27.00924,27.00924,25.186283,25.186283,,,
2,Baseline,Baseline,FGFR1.YSD.1C2-AM203,DEADYYCSSFTSSSTLVFGGGTKLTVLGTTAASGSSGGSSSGAEVQLVESGGGLVKPGGSLRLSCAASGFTFSNYGMHWVRQAPGKGLEWVAVVSYDGSSQYYADSVKGRFTISRDNSKNTLYLQMNSLRAEDTAVYYCARGFWDDAGWSFDYWGQGTLVTVSS,QSALTQPASVSGSPGQSITISCTGTSSDVGGYHYVSWYQQHPGKAPKLMIYEVSNRPSGVSNRFSGSKSGNTASLTISGLQAEDEADYYCSSFTSSSTLVFGGGTKLTVLGTTAASGSSGGSSSGAEVQLVESGGGLVKPGGSLRLSCAASGFTFSNYGMHWVRQAPGKGLEWVAVVSYDGSSQYYADSVKGRFTISRDNSKNTLYLQMNSLRAEDTAVYYCARGFWDDAGWSFDYWGQGTLVTVSS,GAGGTGCAGCTGGTGGAGTCTGGGGGAGGCTTGGTAAAGCCTGGGGGGTCCCTTAGACTCTCCTGTGCAGCCTCTGGTTTTACATTTTCTAATTATGGTATGCACTGGGTCCGCCAGGCTCCAGGCAAGGGGCTAGAGTGGGTGGCAGTTGTCTCCTATGACGGATCAAGCCAATACTACGCAGACTCCGTGAAGGGCCGGTTCACCATCTCCAGAGACAATTCCAAGAACACGCTGTATCTGCAAATGAACAGCCTGAGAGCTGAGGACACGGCCGTGTATTACTGTGCGAGAGGATTCTGGGATGATGCGGGTTGGAGTTTTGACTACTGGGGCCAAGGAACCCTGGTCACCGTCTCCTCA,EVQLVESGGGLVKPGGSLRLSCAASGFTFSNYGMHWVRQAPGKGLEWVAVVSYDGSSQYYADSVKGRFTISRDNSKNTLYLQMNSLRAEDTAVYYCARGFWDDAGWSFDYWGQGTLVTVSS,CAGTCTGCCCTGACTCAGCCTGCCTCCGTGTCTGGGTCTCCTGGACAGTCGATCACCATCTCCTGCACAGGTACTTCTAGCGATGTTGGAGGGTACCATTATGTTAGCTGGTACCAACAGCACCCAGGCAAAGCCCCCAAACTCATGATTTATGAGGTCAGTAATCGGCCCTCAGGGGTTTCTAATCGCTTCTCTGGCTCCAAGTCTGGCAACACGGCCTCCCTGACCATCTCTGGGCTCCAGGCTGAGGACGAGGCTGATTATTACTGCAGCTCTTTCACATCTAGCTCTACTCTTGTATTCGGCGGAGGGACCAAGCTGACCGTCCTA,QSALTQPASVSGSPGQSITISCTGTSSDVGGYHYVSWYQQHPGKAPKLMIYEVSNRPSGVSNRFSGSKSGNTASLTISGLQAEDEADYYCSSFTSSSTLVFGGGTKLTVL,DNA1AH90621,DNA1AH90646,1,1,,220000,0.000928,4.22E-09,1.6,,,,,,,26.02617,26.02617,15.129207,15.129207,10.465381,10.465381,1.019755044
3,Baseline,Baseline,FGFR1.YSD.1C2-AM204,DEADYYCSSYTSSSTLVFGGGTKLTVLGTTAASGSSGGSSSGAEVQLLESGGGLVQPGGSLRLSCAASGFTFSNYGMHWVRQAPGKGLEWVAVISYDGSNKYYADSVKGRFTISRDNSKNSLYLQMNSLRAEDTAVYYCARGFWDDAGWSFDYWGQGTLVTVSS,QSALTQPASVSGSPGQSITISCTGTSSDVGGHHYVSWYQQHPGKAPKLMIYEVSNRPSGVSNRFSGSKSGNTASLTISGLQAEDEADYYCSSYTSSSTLVFGGGTKLTVLGTTAASGSSGGSSSGAEVQLLESGGGLVQPGGSLRLSCAASGFTFSNYGMHWVRQAPGKGLEWVAVISYDGSNKYYADSVKGRFTISRDNSKNSLYLQMNSLRAEDTAVYYCARGFWDDAGWSFDYWGQGTLVTVSS,GAGGTGCAGCTGTTGGAGTCTGGGGGAGGCTTGGTACAGCCTGGGGGGTCCCTGAGACTCTCCTGTGCAGCCTCTGGTTTTACCTTCAGCAATTACGGCATGCACTGGGTCCGCCAGGCTCCAGGCAAGGGGCTAGAGTGGGTGGCAGTTATTTCCTATGATGGGTCCAACAAATACTACGCAGACTCCGTGAAGGGCCGATTCACCATCTCCAGAGACAATTCCAAGAACTCACTGTATCTGCAAATGAACAGCCTGAGAGCCGAGGACACGGCCGTGTATTACTGTGCGAGAGGATTCTGGGATGATGCGGGTTGGAGTTTTGACTACTGGGGCCAAGGAACCCTGGTCACCGTCTCCTCA,EVQLLESGGGLVQPGGSLRLSCAASGFTFSNYGMHWVRQAPGKGLEWVAVISYDGSNKYYADSVKGRFTISRDNSKNSLYLQMNSLRAEDTAVYYCARGFWDDAGWSFDYWGQGTLVTVSS,CAGTCTGCCCTGACTCAGCCTGCCTCCGTGTCTGGGTCTCCTGGACAGTCGATCACCATCTCCTGCACGGGTACGAGCAGTGACGTTGGGGGCCACCACTATGTTTCATGGTACCAACAGCACCCAGGCAAAGCCCCCAAACTCATGATTTATGAGGTCAGTAATCGGCCCTCAGGGGTTTCTAATCGCTTCTCTGGCTCCAAGTCTGGCAACACGGCCTCCCTGACCATCTCTGGGCTCCAGGCTGAGGACGAGGCTGATTATTACTGCAGCAGCTACACCTCCAGCAGTACCCTGGTATTCGGCGGAGGGACCAAGCTGACCGTCCTA,QSALTQPASVSGSPGQSITISCTGTSSDVGGHHYVSWYQQHPGKAPKLMIYEVSNRPSGVSNRFSGSKSGNTASLTISGLQAEDEADYYCSSYTSSSTLVFGGGTKLTVL,DNA1AH90622,DNA1AH90647,1,1,,157000,0.00188,1.20E-08,0.6,,,,,,,,,,,,,
4,Baseline,Baseline,FGFR1.YSD.1C2-AM208,DEADYYCSSYTSSSTYVVFGGGTKLTVLGTTAASGSSGGSSSGAEVQLLESGGGLVQPGGSLRLSCAASGFAFSNYGMHWVRQAPGKGLEWVAVISYDGSHKYYADSVKGRFTISRDNSKNTLYLQMNSLRAEDTAVYYCARGFWDDAGWSFDYWGQGTLVTVSS,QSALTQPASVSGSPGQSITISCTGTSSDIGAYNYVSWYQQHPGKAPKLMIYEVSNRPSGVSNRFSGSKSGNTASLTISGLQAEDEADYYCSSYTSSSTYVVFGGGTKLTVLGTTAASGSSGGSSSGAEVQLLESGGGLVQPGGSLRLSCAASGFAFSNYGMHWVRQAPGKGLEWVAVISYDGSHKYYADSVKGRFTISRDNSKNTLYLQMNSLRAEDTAVYYCARGFWDDAGWSFDYWGQGTLVTVSS,GAGGTGCAGCTGTTGGAGTCTGGGGGAGGCTTGGTACAGCCTGGGGGGTCCCTGAGACTCTCCTGTGCAGCCTCTGGGTTCGCGTTCTCTAACTACGGAATGCACTGGGTCCGCCAGGCTCCAGGCAAGGGGCTAGAGTGGGTGGCAGTTATTAGCTACGATGGCAGTCACAAGTACTACGCAGACTCCGTGAAGGGCCGGTTCACCATCTCCAGAGACAATTCCAAGAACACGCTGTATCTGCAAATGAACAGCCTGAGAGCCGAGGACACGGCCGTGTATTACTGTGCGAGAGGATTCTGGGATGATGCGGGTTGGAGTTTTGACTACTGGGGCCAAGGAACCCTGGTCACCGTCTCCTCA,EVQLLESGGGLVQPGGSLRLSCAASGFAFSNYGMHWVRQAPGKGLEWVAVISYDGSHKYYADSVKGRFTISRDNSKNTLYLQMNSLRAEDTAVYYCARGFWDDAGWSFDYWGQGTLVTVSS,CAGTCTGCCCTGACTCAGCCTGCCTCCGTGTCTGGGTCTCCTGGACAGTCGATCACCATCTCCTGCACCGGGACCAGCAGTGACATTGGTGCATACAATTATGTGAGCTGGTACCAACAGCACCCAGGCAAAGCCCCCAAACTAATGATTTATGAGGTCAGTAATCGGCCCTCAGGGGTTTCTAATCGCTTCTCTGGCTCCAAGTCTGGCAACACGGCCTCCCTGACCATCTCTGGGCTCCAGGCTGAGGACGAGGCTGATTATTACTGCTCATCTTATACGAGTAGCAGTACTTACGTGGTATTCGGCGGAGGGACCAAGCTGACCGTCCTA,QSALTQPASVSGSPGQSITISCTGTSSDIGAYNYVSWYQQHPGKAPKLMIYEVSNRPSGVSNRFSGSKSGNTASLTISGLQAEDEADYYCSSYTSSSTYVVFGGGTKLTVL,DNA1AH90623,DNA1AH90648,1,1,,353000,0.00139,3.94E-09,1.7,,,,,,,66.35896,66.35896,11.5115385,11.5115385,15.358539,15.358539,1.186349905
5,Baseline,Baseline,FGFR1.YSD.1C2-AM209,DEADYYCSSYTSSSTYVVFGGGTKLTVLGTTAASGSSGGSSSGAEVQLLESGGGLVQPGGSLRLSCAASGFTFGNYGMHWVRQAPGKGLEWVAVISYDGGDQYYADSVKGRFTISRDNSKNTLYLQMNSLRAEDTAVYYCARGFWDDAGWSFDYWGQGTLVTVSS,QSALTQPASVSGSTGQSITISCTGTSSDVGAYNYVSWYQQHPGKAPKLMIYEVSNRPSGVSNRFSGSKSGNTASLTISGLQAEDEADYYCSSYTSSSTYVVFGGGTKLTVLGTTAASGSSGGSSSGAEVQLLESGGGLVQPGGSLRLSCAASGFTFGNYGMHWVRQAPGKGLEWVAVISYDGGDQYYADSVKGRFTISRDNSKNTLYLQMNSLRAEDTAVYYCARGFWDDAGWSFDYWGQGTLVTVSSGSEQKLISEEDL**LEICGRVLLCERILG*CGLEF*LLGPRNPGHRLL,GAGGTGCAGCTGTTGGAGTCTGGGGGAGGCTTGGTACAGCCTGGGGGGTCCCTTAGACTCTCCTGTGCAGCCTCTGGCTTCACCTTTGGAAATTATGGAATGCACTGGGTCCGCCAGGCTCCAGGCAAGGGGCTAGAGTGGGTGGCAGTTATTTCATACGACGGCGGCGATCAATACTACGCAGACTCCGTGAAGGGCCGGTTCACCATCTCCAGAGACAATTCCAAGAACACGCTGTATCTGCAAATGAACAGCCTGAGAGCCGAGGACACGGCCGTGTATTACTGTGCGAGAGGATTCTGGGATGATGCGGGTTGGAGTTTTGACTACTGGGGCCAAGGAACCCTGGTCACCGTCTCCTCA,EVQLLESGGGLVQPGGSLRLSCAASGFTFGNYGMHWVRQAPGKGLEWVAVISYDGGDQYYADSVKGRFTISRDNSKNTLYLQMNSLRAEDTAVYYCARGFWDDAGWSFDYWGQGTLVTVSS,CAGTCTGCCCTGACTCAGCCTGCCTCCGTGTCTGGGTCTACTGGACAGTCGATCACCATCTCCTGCACCGGGACATCCTCTGACGTTGGCGCCTATAACTATGTGAGCTGGTACCAACAGCACCCAGGCAAAGCCCCCAAACTCATGATTTATGAGGTCAGTAATCGGCCCTCAGGGGTTTCTAATCGCTTCTCTGGCTCCAAGTCTGGCAACACGGCCTCCCTGACCATCTCTGGGCTCCAGGCTGAGGACGAGGCTGATTATTACTGCTCCTCATACACATCCTCTAGCACATATGTGGTATTCGGCGGAGGGACCAAGCTGACCGTCCTA,QSALTQPASVSGSTGQSITISCTGTSSDVGAYNYVSWYQQHPGKAPKLMIYEVSNRPSGVSNRFSGSKSGNTASLTISGLQAEDEADYYCSSYTSSSTYVVFGGGTKLTVL,DNA1AH90624,DNA1AH90649,1,1,,350000,0.000903,2.58E-09,2.6,,,,,,,44.56458,44.56458,20.29453,20.29453,,,
6,Baseline,Baseline,FGFR1.YSD.1C2-AM212,DEADYYCTSYTSGSTVVFGGGTKLTVLGTTAASGSSGGSSSGAEVQLLESGGGLVQPGGSLRLSCAASGFTFSTYGMHWVRQAPGKGLEWVAVISFDGSNKYYADSVKGRFTISRDNSKNTLYLQMNSLRAEDTAVYYCARGFWDDAGWSFDYWGQGTLVTVSS,QSALTQPASVSGSPGQSITISCTGTSSDVGGYNYVSWYQQHPGKAPKLMIYEVSNRPSGVSNRFSGSKSGNTASLTISGLQAEDEADYYCTSYTSGSTVVFGGGTKLTVLGTTAASGSSGGSSSGAEVQLLESGGGLVQPGGSLRLSCAASGFTFSTYGMHWVRQAPGKGLEWVAVISFDGSNKYYADSVKGRFTISRDNSKNTLYLQMNSLRAEDTAVYYCARGFWDDAGWSFDYWGQGTLVTVSS,GAGGTGCAGCTGTTGGAGTCTGGGGGAGGCTTGGTACAGCCTGGGGGGTCCCTGAGACTCTCCTGTGCAGCCTCTGGCTTCACGTTCTCAACATATGGGATGCACTGGGTCCGCCAGGCTCCAGGCAAGGGGCTAGAGTGGGTGGCAGTTATCTCCTTTGACGGATCAAACAAGTACTACGCAGACTCCGTGAAGGGCCGGTTCACCATCTCCAGAGACAATTCCAAGAACACGCTGTATCTGCAAATGAACAGCCTGAGAGCCGAGGACACGGCCGTGTATTACTGTGCGAGAGGATTCTGGGATGATGCGGGTTGGAGTTTTGACTACTGGGGCCAAGGAACCCTGGTCACCGTCTCCTCA,EVQLLESGGGLVQPGGSLRLSCAASGFTFSTYGMHWVRQAPGKGLEWVAVISFDGSNKYYADSVKGRFTISRDNSKNTLYLQMNSLRAEDTAVYYCARGFWDDAGWSFDYWGQGTLVTVSS,CAGTCTGCCCTGACTCAGCCTGCCTCCGTGTCTGGGTCTCCTGGACAGTCGATCACCATCTCCTGCACTGGTACCTCCTCTGACGTGGGCGGATACAATTACGTTTCTTGGTACCAACAGCACCCAGGCAAAGCCCCCAAACTCATGATTTATGAGGTCAGTAATCGGCCCTCAGGGGTTTCTAATCGCTTCTCTGGCTCCAAGTCTGGCAACACGGCCTCCCTGACCATCTCTGGGCTCCAGGCTGAGGACGAGGCTGATTATTACTGCACATCATATACGTCCGGCTCTACCGTGGTATTCGGCGGAGGGACCAAGCTGACCGTCCTA,QSALTQPASVSGSPGQSITISCTGTSSDVGGYNYVSWYQQHPGKAPKLMIYEVSNRPSGVSNRFSGSKSGNTASLTISGLQAEDEADYYCTSYTSGSTVVFGGGTKLTVL,DNA1AH90625,DNA1AH90650,1,1,,214000,0.00074,3.45E-09,1.9,,,,,,,82.80305,82.80305,,,,,
7,Baseline,Baseline,FGFR1.YSD.1C2-AM215,DEADYYCTSYTSSTTLVFGGGTKLTVLGTTAASGSSGGSSSGAEVQLLESGGGLVQPGGSLRLSCAASGFIFSGYGMHWVRQAPGKGLEWVAVISYDGSNQYYADSVKGRFTISRDNSKNTLYLQMNSLRAEDTAVYYCARGFWDDAGWSFDYWGQGTLVTVSS,QSALTQPASVSGSPGQSITISCTGTSSDVGGYNYVSWYQQHPGKAPKLMIYEVSNRPSGVSNRFSGSKSGNTASLTISGLQAEDEADYYCTSYTSSTTLVFGGGTKLTVLGTTAASGSSGGSSSGAEVQLLESGGGLVQPGGSLRLSCAASGFIFSGYGMHWVRQAPGKGLEWVAVISYDGSNQYYADSVKGRFTISRDNSKNTLYLQMNSLRAEDTAVYYCARGFWDDAGWSFDYWGQGTLVTVSS,GAGGTGCAGCTGTTGGAGTCTGGGGGAGGCTTGGTACAGCCTGGGGGGTCCCTGAGACTCTCCTGTGCAGCCTCTGGCTTTATATTCTCCGGCTATGGCATGCACTGGGTCCGCCAGGCTCCAGGCAAGGGGCTAGAGTGGGTGGCAGTTATCAGCTATGATGGCAGCAACCAGTACTACGCAGACTCCGTGAAGGGCCGGTTCACCATCTCCAGAGACAATTCCAAGAACACGCTGTATCTGCAAATGAACAGCCTGAGAGCCGAGGACACGGCCGTGTATTACTGTGCGAGAGGATTCTGGGATGATGCGGGTTGGAGTTTTGACTACTGGGGCCAAGGAACCCTGGTCACCGTCTCCTCA,EVQLLESGGGLVQPGGSLRLSCAASGFIFSGYGMHWVRQAPGKGLEWVAVISYDGSNQYYADSVKGRFTISRDNSKNTLYLQMNSLRAEDTAVYYCARGFWDDAGWSFDYWGQGTLVTVSS,CAGTCTGCCCTGACTCAGCCTGCCTCCGTGTCTGGGTCTCCTGGACAGTCGATCACCATCTCCTGCACAGGTACAAGTAGTGACGTTGGGGGATACAACTACGTTAGTTGGTACCAACAGCACCCAGGCAAAGCCCCCAAACTCATGATTTATGAGGTCAGTAATCGGCCCTCAGGGGTTTCTAATCGCTTCTCTGGCTCCAAGTCTGGCAACACGGCCTCCCTGACCATCTCTGGGCTCCAGGCTGAGGACGAGGCTGATTATTACTGCACCTCTTATACTTCTTCAACCACGTTGGTATTCGGCGGAGGGACCAAGCTGACCGTCCTA,QSALTQPASVSGSPGQSITISCTGTSSDVGGYNYVSWYQQHPGKAPKLMIYEVSNRPSGVSNRFSGSKSGNTASLTISGLQAEDEADYYCTSYTSSTTLVFGGGTKLTVL,DNA1AH90626,DNA1AH90651,1,3,,379000,0.000611,1.61E-09,4.1,,407000,0.000793,1.95E-09,12.4,7.130217388,61.34945,61.34945,45.812305,45.812305,6.649203,6.649203,0.822769592
8,Baseline,Baseline,FGFR1.YSD.1C2-AM216,DEADYYCCSYASSGTLVFGGGTKLTVLGTTAASGSSGGSSSGAEVQLVESGGGLVKPGGSLRLSCAASGFAFSSYAMHWVRQAPGKGLEWVAVISYDGNNKYYADSVKGRFTISRDNSKNTLYLQMNSLRAEDTAVYYCARGFWDDAGWSFDYWGQGTLVTVSS,QSALTQPASVSGSPGQSITISCTGTSRDVGGYDYVSWYQQHPGKAPKLMIYEVSNRPSGVSNRFSGSKSGNTASLTISGLQAEDEADYYCCSYASSGTLVFGGGTKLTVLGTTAASGSSGGSSSGAEVQLVESGGGLVKPGGSLRLSCAASGFAFSSYAMHWVRQAPGKGLEWVAVISYDGNNKYYADSVKGRFTISRDNSKNTLYLQMNSLRAEDTAVYYCARGFWDDAGWSFDYWGQGTLVTVSS,GAGGTGCAGCTGGTGGAGTCTGGGGGAGGCTTGGTAAAGCCTGGGGGGTCCCTTAGACTCTCCTGTGCAGCCTCTGGGTTCGCGTTTAGCTCCTATGCAATGCACTGGGTCCGCCAGGCTCCAGGCAAGGGGCTAGAGTGGGTGGCAGTTATTTCATATGATGGTAACAACAAATACTACGCAGACTCCGTGAAGGGCCGGTTCACCATCTCCAGAGACAATTCCAAGAACACGCTGTATCTGCAAATGAACAGCCTGAGAGCCGAGGACACGGCCGTGTATTACTGTGCGAGAGGATTCTGGGATGATGCGGGTTGGAGTTTTGACTACTGGGGCCAAGGAACCCTGGTCACCGTCTCCTCA,EVQLVESGGGLVKPGGSLRLSCAASGFAFSSYAMHWVRQAPGKGLEWVAVISYDGNNKYYADSVKGRFTISRDNSKNTLYLQMNSLRAEDTAVYYCARGFWDDAGWSFDYWGQGTLVTVSS,CAGTCTGCCCTGACTCAGCCTGCCTCCGTGTCTGGGTCTCCTGGACAGTCGATCACCATCTCCTGCACTGGGACAAGCAGAGATGTTGGAGGGTATGATTATGTCAGCTGGTACCAACAGCACCCAGGCAAAGCCCCCAAACTCATGATTTATGAGGTCAGTAATCGGCCCTCAGGGGTTTCTAATCGCTTCTCTGGCTCCAAGTCTGGCAACACGGCCTCCCTGACAATCTCTGGGCTCCAGGCTGAGGACGAGGCTGATTATTACTGCTGTTCATACGCATCAAGTGGCACCCTGGTATTCGGCGGAGGGACCAAGCTGACCGTCCTA,QSALTQPASVSGSPGQSITISCTGTSRDVGGYDYVSWYQQHPGKAPKLMIYEVSNRPSGVSNRFSGSKSGNTASLTISGLQAEDEADYYCCSYASSGTLVFGGGTKLTVL,DNA1AH90627,DNA1AH90652,1,3,,402000,0.000845,3.66E-09,1.8,,422000,0.00126,2.98E-09,8.1,3.818376618,31.352392,31.352392,23.829445,23.829445,8.851604,8.851604,0.947021976
9,Baseline,Baseline,FGFR1.YSD.1C2-AM219,DEADYYCSSYTTSRTRVVFGGGTKLTVLGTTAASGSSGGSSSGAEVQLLESGGGLVQPGGSLRLSCAASGFTFSSYGMHWVRQAPGKGLEWVAVISYDGRNQYYADSVKGRFTISRDNSKNTLYLQMNSLRAEDTAVYYCARGFWDDAGWSFDYWGQGTLVTVSS,QSALTQPASVSGSPGQSITISCTGTSSDVGGYNYVSWYQQHPGKAPKLMIYEVSNRPSGVSNRFSGSKSGNTASLTISGLQAEDEADYYCSSYTTSRTRVVFGGGTKLTVLGTTAASGSSGGSSSGAEVQLLESGGGLVQPGGSLRLSCAASGFTFSSYGMHWVRQAPGKGLEWVAVISYDGRNQYYADSVKGRFTISRDNSKNTLYLQMNSLRAEDTAVYYCARGFWDDAGWSFDYWGQGTLVTVSS,GAGGTGCAGCTGTTGGAGTCTGGGGGAGGCTTGGTACAGCCTGGGGGGTCCCTGAGACTCTCCTGTGCAGCCTCTGGATTCACCTTCTCCTCATACGGGATGCACTGGGTCCGCCAGGCTCCAGGCAAGGGGCTAGAGTGGGTGGCAGTTATTTCTTACGATGGCCGGAACCAATACTACGCAGACTCCGTGAAGGGCCGGTTCACCATCTCCAGAGACAATTCCAAGAACACGCTGTATCTGCAAATGAACAGCCTGAGAGCCGAGGACACGGCCGTGTATTACTGTGCGAGAGGATTCTGGGATGATGCGGGTTGGAGTTTTGACTACTGGGGCCAAGGAACCCTGGTCACCGTCTCCTCA,EVQLLESGGGLVQPGGSLRLSCAASGFTFSSYGMHWVRQAPGKGLEWVAVISYDGRNQYYADSVKGRFTISRDNSKNTLYLQMNSLRAEDTAVYYCARGFWDDAGWSFDYWGQGTLVTVSS,CAGTCTGCCCTGACTCAGCCTGCCTCCGTGTCTGGGTCTCCTGGACAGTCGATCACCATCTCCTGCACCGGCACCTCCAGCGATGTGGGCGGCTATAACTATGTGTCTTGGTACCAACAGCACCCAGGCAAAGCCCCCAAACTCATGATTTATGAGGTCAGTAATCGGCCCTCAGGGGTTTCTAATCGCTTCTCTGGCTCCAAGTCTGGCAACACGGCCTCCCTGACCATCTCTGGGCTCCAGGCTGAGGACGAGGCTGATTATTACTGCTCCTCATATACAACTTCCCGCACACGCGTGGTATTCGGCGGAGGGACCAAGCTGACCGTCCTA,QSALTQPASVSGSPGQSITISCTGTSSDVGGYNYVSWYQQHPGKAPKLMIYEVSNRPSGVSNRFSGSKSGNTASLTISGLQAEDEADYYCSSYTTSRTRVVFGGGTKLTVL,DNA1AH90628,DNA1AH90653,1,3,,318000,0.00116,3.66E-09,1.8,,,,,,,35.22398,35.22398,23.72128,23.72128,19.342299,19.342299,1.286508092
10,Baseline,Baseline,FGFR1.YSD.1C2-AM220,DEADYYCTSYTSSSTVVFGGGTKLTVLGTTAASGSSGGSSSGAEVQLLESGGGLVQPGGSLRLSCAASGFTFSSYGMHWVRQAPGKGLEWVAVISYDGSNKYYADSVKGRFTISRDNSKNTLYLQMNSLRAEDTAVYYCARGFWDDAGWSFDYWGQGTLVTVSS,QSALTQPASVSGSPGQSITISCTGTSSDVGGYNYVSWYQQHPGKAPKLMIYEVSNRPSGVSNRFSGSKSGNTASLTISGLQAEDEADYYCTSYTSSSTVVFGGGTKLTVLGTTAASGSSGGSSSGAEVQLLESGGGLVQPGGSLRLSCAASGFTFSSYGMHWVRQAPGKGLEWVAVISYDGSNKYYADSVKGRFTISRDNSKNTLYLQMNSLRAEDTAVYYCARGFWDDAGWSFDYWGQGTLVTVSS,GAGGTGCAGCTGTTGGAGTCTGGGGGAGGCTTGGTACAGCCTGGGGGGTCCCTGAGACTCTCCTGTGCAGCCTCTGGATTTACTTTTTCCAGCTACGGTATGCACTGGGTCCGCCAGGCTCCAGGCAAGGGGCTAGAGTGGGTGGCAGTTATATCTTACGATGGAAGCAACAAATACTACGCAGACTCCGTGAAGGGCCGATTCACCATCTCCAGAGACAATTCCAAGAACACGCTGTATCTGCAAATGAACAGCCTGAGAGCTGAGGACACGGCCGTGTATTACTGTGCGAGAGGATTCTGGGATGATGCGGGTTGGAGTTTTGACTACTGGGGCCAAGGAACCCTGGTCACCGTCTCCTCA,EVQLLESGGGLVQPGGSLRLSCAASGFTFSSYGMHWVRQAPGKGLEWVAVISYDGSNKYYADSVKGRFTISRDNSKNTLYLQMNSLRAEDTAVYYCARGFWDDAGWSFDYWGQGTLVTVSS,CAGTCTGCCCTGACTCAGCCTGCCTCCGTGTCTGGGTCTCCTGGACAGTCGATCACCATCTCCTGCACGGGCACATCATCAGATGTTGGAGGATACAATTACGTGTCTTGGTACCAACAGCACCCAGGCAAAGCCCCCAAACTCATGATTTATGAGGTCAGTAATCGGCCCTCAGGGGTTTCTAATCGCTTCTCTGGCTCCAAGTCTGGCAACACGGCCTCCCTGACCATCTCTGGGCTCCAGGCTGAGGACGAGGCTGATTATTACTGCACCTCCTATACTAGTAGTTCCACTGTGGTATTCGGCGGAGGGACCAAGCTGACCGTCCTA,QSALTQPASVSGSPGQSITISCTGTSSDVGGYNYVSWYQQHPGKAPKLMIYEVSNRPSGVSNRFSGSKSGNTASLTISGLQAEDEADYYCTSYTSSSTVVFGGGTKLTVL,DNA1AH90629,DNA1AH90654,1,3,,242000,0.000634,2.62E-09,2.5,,,,,,,29.849932,29.849932,16.351887,16.351887,35.097824,35.097824,1.545280192
11,Baseline,Baseline,FGFR1.YSD.1C2-AM222,DEADYYCTSYTSSTTLVFGGGTKLTVLGTTAASGSSGGSSSGAEVQLVESGGGLVKPGGSLRLSCAASGFTFSSYGMHWVRQAPGKGLEWVAVISYDGSNKYYADSVKGRFTISRDNSKNTLYLQMNSLRAEDTAVYYCARGFWDDAGWSFDYWGQGTLVTVSS,QSALTQPASVSGSPGQSITISCTGTSSDVGGYNYVSWYQQHPGKAPKLMIYEVSNRPSGVSNRFSGSKSGNTASLTISGLQAEDEADYYCTSYTSSTTLVFGGGTKLTVLGTTAASGSSGGSSSGAEVQLVESGGGLVKPGGSLRLSCAASGFTFSSYGMHWVRQAPGKGLEWVAVISYDGSNKYYADSVKGRFTISRDNSKNTLYLQMNSLRAEDTAVYYCARGFWDDAGWSFDYWGQGTLVTVSS,GAGGTGCAGCTGGTGGAGTCTGGGGGAGGCTTGGTAAAGCCTGGGGGGTCCCTTAGACTCTCCTGTGCAGCCTCTGGGTTTACGTTCAGCTCTTATGGAATGCACTGGGTCCGCCAGGCTCCAGGCAAGGGGCTAGAGTGGGTGGCAGTTATATCCTATGATGGGTCCAATAAGTACTACGCAGACTCCGTGAAGGGCCGGTTCACCATCTCCAGAGACAATTCCAAGAACACGCTGTATCTGCAAATGAACAGCCTGAGAGCCGAGGACACGGCCGTGTATTACTGTGCGAGAGGATTCTGGGATGATGCGGGTTGGAGTTTTGACTACTGGGGCCAAGGAACCCTGGTCACCGTCTCCTCA,EVQLVESGGGLVKPGGSLRLSCAASGFTFSSYGMHWVRQAPGKGLEWVAVISYDGSNKYYADSVKGRFTISRDNSKNTLYLQMNSLRAEDTAVYYCARGFWDDAGWSFDYWGQGTLVTVSS,CAGTCTGCCCTGACTCAGCCTGCCTCCGTGTCTGGGTCTCCTGGACAGTCGATCACCATCTCCTGCACCGGCACTAGCAGTGATGTAGGTGGTTACAACTACGTTTCCTGGTACCAACAGCACCCAGGCAAAGCCCCCAAACTCATGATTTATGAGGTCAGTAATCGGCCCTCAGGGGTTTCTAATCGCTTCTCTGGCTCCAAGTCTGGCAACACGGCCTCCCTGACCATCTCTGGGCTCCAGGCTGAGGACGAGGCTGATTATTACTGCACTTCCTATACGAGCTCCACAACGCTGGTATTCGGCGGAGGGACCAAGCTGACCGTCCTA,QSALTQPASVSGSPGQSITISCTGTSSDVGGYNYVSWYQQHPGKAPKLMIYEVSNRPSGVSNRFSGSKSGNTASLTISGLQAEDEADYYCTSYTSSTTLVFGGGTKLTVL,DNA1AH90630,DNA1AH90655,1,4,,180000,0.000539,2.99E-09,2.2,,,,,,,26.410364,26.410364,22.426933,22.426933,59.550423,59.550423,1.774884851
12,Baseline,Baseline,FGFR1.YSD.1C2-AM223,DEADYYCTSYTSSTTLVFGGGTKLTVLGTTAASGSSGGSSSGAEVQLVESGGGVVQPGRSLRLSCAASGFTFSSYAMHWVRQAPGKGLEWVAVVSYDGSSKYYADSVKGRFTISRDNSKNTLYLQMNSLRAEDTAVYYCARGFWDDAGWSFDYWGQGTLVTVSS,QSALTQPASVSGSPGQSITISCTGTSTDVGAYNYVSWYQQHPGKAPKLMIYEVSNRPSGVSNRFSGSKSGNTASLTISGLQAEDEADYYCTSYTSSTTLVFGGGTKLTVLGTTAASGSSGGSSSGAEVQLVESGGGVVQPGRSLRLSCAASGFTFSSYAMHWVRQAPGKGLEWVAVVSYDGSSKYYADSVKGRFTISRDNSKNTLYLQMNSLRAEDTAVYYCARGFWDDAGWSFDYWGQGTLVTVSSGSEQKLISEEDL**LEIWTRPCITVREDSGMMRVGVLTTGAKEPWSPSP,GAGGTGCAGCTGGTGGAGTCTGGGGGAGGCGTGGTCCAGCCTGGGAGGTCCCTGAGACTCTCCTGTGCAGCCTCTGGATTTACGTTCAGTTCATACGCTATGCACTGGGTCCGCCAGGCTCCAGGCAAGGGGCTAGAGTGGGTGGCAGTTGTTTCATATGACGGTTCATCTAAGTACTACGCAGACTCCGTGAAGGGCCGGTTCACCATCTCCAGAGACAATTCCAAGAACACGCTGTATCTGCAAATGAACAGCCTGAGAGCCGAGGACACGGCCGTGTATTACTGTGCGAGAGGATTCTGGGATGATGCGGGTTGGAGTTTTGACTACTGGGGCCAAGGAACCCTGGTCACCGTCTCCTCA,EVQLVESGGGVVQPGRSLRLSCAASGFTFSSYAMHWVRQAPGKGLEWVAVVSYDGSSKYYADSVKGRFTISRDNSKNTLYLQMNSLRAEDTAVYYCARGFWDDAGWSFDYWGQGTLVTVSS,CAGTCTGCCCTGACTCAGCCTGCCTCCGTGTCTGGGTCTCCTGGACAGTCGATCACCATCTCCTGCACCGGCACATCCACCGACGTAGGTGCATACAATTACGTTTCCTGGTACCAACAGCACCCAGGCAAAGCCCCCAAACTCATGATTTATGAGGTCAGTAATCGGCCCTCAGGGGTTTCTAATCGCTTCTCTGGCTCCAAGTCTGGCAACACGGCCTCCCTGACCATCTCTGGGCTCCAGGCTGAGGACGAGGCTGATTATTACTGCACTAGTTATACATCCAGTACCACACTGGTATTCGGCGGAGGGACCAAGCTGACCGTCCTA,QSALTQPASVSGSPGQSITISCTGTSTDVGAYNYVSWYQQHPGKAPKLMIYEVSNRPSGVSNRFSGSKSGNTASLTISGLQAEDEADYYCTSYTSSTTLVFGGGTKLTVL,DNA1AH90631,DNA1AH90656,1,4,,338000,0.00119,3.50E-09,1.9,,,,,,,46.015503,46.015503,37.41676,37.41676,20.664286,20.664286,1.315220404
13,Baseline,Baseline,FGFR1.YSD.1C2-AM227,DEADYYCCSYAGSISLVFGGGTKVEIKGTTAASGSSGGSSSGAEVQLLESGGGLVQPGGSLRLSCAASGFTFSNYGMHWVRQAPGKGLEWVAVISYDGSSKYYADSVKGRFTISRDNSKNTLYLQMNSLRAEDTAVYYCARGFWDDAGWSFDYWGQGTLVTVSS,QSALTQPASVSGSPGQSITISCTGTSRDVGGYNYVSWYQQHPGKAPKLMIYEGSKRPSGVSNRFSGSKSGNTASLTISGLQAEDEADYYCCSYAGSISLVFGGGTKVEIKGTTAASGSSGGSSSGAEVQLLESGGGLVQPGGSLRLSCAASGFTFSNYGMHWVRQAPGKGLEWVAVISYDGSSKYYADSVKGRFTISRDNSKNTLYLQMNSLRAEDTAVYYCARGFWDDAGWSFDYWGQGTLVTVSS,GAGGTGCAGCTGTTGGAGTCTGGGGGAGGCTTGGTACAGCCTGGGGGGTCCCTGAGACTCTCCTGTGCAGCCTCTGGTTTTACTTTCTCTAATTATGGGATGCACTGGGTCCGCCAGGCTCCAGGCAAGGGGCTAGAGTGGGTGGCAGTTATTTCATACGACGGGAGTTCCAAATACTACGCAGACTCCGTGAAGGGCCGGTTCACCATCTCCAGAGACAATTCCAAGAACACGCTGTATCTGCAAATGAACAGCCTGAGAGCCGAGGACACGGCCGTGTATTACTGTGCGAGAGGATTCTGGGATGATGCGGGTTGGAGTTTTGACTACTGGGGCCAAGGAACCCTGGTCACCGTCTCCTCA,EVQLLESGGGLVQPGGSLRLSCAASGFTFSNYGMHWVRQAPGKGLEWVAVISYDGSSKYYADSVKGRFTISRDNSKNTLYLQMNSLRAEDTAVYYCARGFWDDAGWSFDYWGQGTLVTVSS,CAGTCTGCCCTGACTCAGCCTGCCTCCGTGTCTGGGTCTCCTGGACAGTCGATCACCATCTCCTGCACAGGCACTTCTCGGGATGTCGGAGGGTATAACTACGTTTCTTGGTACCAACAGCACCCAGGCAAAGCCCCCAAACTCATGATTTATGAGGGCAGTAAGCGGCCCTCAGGGGTTTCTAATCGCTTCTCTGGCTCCAAGTCTGGCAACACGGCCTCCCTGACAATCTCTGGGCTCCAGGCTGAGGACGAGGCTGATTATTACTGCTGCAGCTATGCTGGCAGCATAAGTTTGGTATTCGGCGGAGGGACCAAGGTGGAGATCAAA,QSALTQPASVSGSPGQSITISCTGTSRDVGGYNYVSWYQQHPGKAPKLMIYEGSKRPSGVSNRFSGSKSGNTASLTISGLQAEDEADYYCCSYAGSISLVFGGGTKVEIK,DNA1AH90632,DNA1AH90657,1,6,,220000,0.000911,4.14E-09,1.6,,,,,,,25.891224,25.891224,19.996124,19.996124,15.421834,15.421834,1.188136024
14,Baseline,Baseline,FGFR1.YSD.1C2-AM228,DEADYYCCSYGGSITLVFGGGTKLTVLGTTAASGSSGGSSSGAEVQLVEYGGGLVKPGGSLRLSCAASGFTFSSYGMHWVRQAPGKGLEWVAVISYDGSNQYYADSVKGRFTISRDNSKNTLYLQMNSLRAEDTAVYYCARGFWDDAGWSFDYWGQGTLVTVSS,QSALTQPASVSGSPGQSITISCTGTSSDVGRYNYVSWYQQHPGKAPKLMIYEGSKRPSGVSNRFSGSKSGNTASLTISGLQAEDEADYYCCSYGGSITLVFGGGTKLTVLGTTAASGSSGGSSSGAEVQLVEYGGGLVKPGGSLRLSCAASGFTFSSYGMHWVRQAPGKGLEWVAVISYDGSNQYYADSVKGRFTISRDNSKNTLYLQMNSLRAEDTAVYYCARGFWDDAGWSFDYWGQGTLVTVSS,GAGGTGCAGCTGGTGGAGTATGGGGGAGGCTTGGTAAAGCCTGGGGGGTCCCTTAGACTCTCCTGTGCAGCCTCTGGATTCACCTTCTCTTCCTACGGTATGCACTGGGTCCGCCAGGCTCCAGGCAAGGGGCTAGAGTGGGTGGCAGTTATATCCTACGATGGGTCCAATCAGTACTACGCAGACTCCGTGAAGGGCCGGTTCACCATCTCCAGAGACAATTCCAAGAACACGCTGTATCTGCAAATGAACAGCCTGAGAGCCGAGGACACGGCCGTGTATTACTGTGCGAGAGGATTCTGGGATGATGCGGGTTGGAGTTTTGACTACTGGGGCCAAGGAACCCTGGTCACCGTCTCCTCA,EVQLVEYGGGLVKPGGSLRLSCAASGFTFSSYGMHWVRQAPGKGLEWVAVISYDGSNQYYADSVKGRFTISRDNSKNTLYLQMNSLRAEDTAVYYCARGFWDDAGWSFDYWGQGTLVTVSS,CAGTCTGCCCTGACTCAGCCTGCCTCCGTGTCTGGGTCTCCTGGACAGTCGATCACCATCTCCTGCACCGGAACTAGCAGCGATGTGGGAAGATACAATTATGTGTCTTGGTACCAACAGCACCCAGGCAAAGCCCCCAAACTCATGATTTATGAGGGCAGTAAGCGGCCCTCAGGGGTTTCTAATCGCTTCTCTGGCTCCAAGTCTGGCAACACGGCCTCCCTGACAATCTCTGGGCTCCAGGCTGAGGACGAGGCTGATTATTACTGCTGTTCTTACGGTGGTAGTATTACCTTGGTATTCGGCGGAGGGACCAAGCTGACCGTCCTA,QSALTQPASVSGSPGQSITISCTGTSSDVGRYNYVSWYQQHPGKAPKLMIYEGSKRPSGVSNRFSGSKSGNTASLTISGLQAEDEADYYCCSYGGSITLVFGGGTKLTVL,DNA1AH90633,DNA1AH90658,1,6,,261000,0.000643,2.47E-09,2.7,,,,,,,30.732738,30.732738,20.89137,20.89137,10.642077,10.642077,1.027026397
15,Baseline,Baseline,FGFR1.YSD.1C2-AM229,DEADYYCTSYTSSRTLVFGGGTKLTVLGTTAASGSSGGSSSGAEVQLLESGGGLVQPGGSLRLSCAASGFTFSSYGMHWVRQAPGKGLEWVAVISYDGSNKYYADSVKGRFTISRDNSKNTLYLQMNSLRAEDTAVYYCARGFWDDAGWSFDYWGQGTLVTVSS,QSALTQPASVSGSPGQSITISCTGTTSDVGGYNYVSWYQQHPGKAPKLMIYEVSNRPSGVSNRFSGSKSGNTASLTISGLQAEDEADYYCTSYTSSRTLVFGGGTKLTVLGTTAASGSSGGSSSGAEVQLLESGGGLVQPGGSLRLSCAASGFTFSSYGMHWVRQAPGKGLEWVAVISYDGSNKYYADSVKGRFTISRDNSKNTLYLQMNSLRAEDTAVYYCARGFWDDAGWSFDYWGQGTLVTVSS,GAGGTGCAGCTGTTGGAGTCTGGGGGAGGCTTGGTACAGCCTGGGGGGTCCCTGAGACTCTCCTGTGCAGCCTCTGGCTTTACTTTTTCTAGTTATGGCATGCACTGGGTCCGCCAGGCTCCAGGCAAGGGGCTAGAGTGGGTGGCAGTTATTAGCTATGACGGAAGCAACAAATACTACGCAGACTCCGTGAAGGGCCGGTTCACCATCTCCAGAGACAATTCCAAGAACACGCTGTATCTGCAAATGAACAGCCTGAGAGCCGAGGACACGGCCGTGTATTACTGTGCGAGAGGATTCTGGGATGATGCGGGTTGGAGTTTTGACTACTGGGGCCAAGGAACCCTGGTCACCGTCTCCTCA,EVQLLESGGGLVQPGGSLRLSCAASGFTFSSYGMHWVRQAPGKGLEWVAVISYDGSNKYYADSVKGRFTISRDNSKNTLYLQMNSLRAEDTAVYYCARGFWDDAGWSFDYWGQGTLVTVSS,CAGTCTGCCCTGACTCAGCCTGCCTCCGTGTCTGGGTCTCCTGGACAGTCGATCACCATCTCCTGCACAGGGACTACCTCCGACGTTGGCGGGTACAATTATGTCAGCTGGTACCAACAGCACCCAGGCAAAGCCCCCAAACTCATGATTTATGAGGTCAGTAATCGGCCCTCAGGGGTTTCTAATCGCTTCTCTGGCTCCAAGTCTGGCAACACGGCCTCCCTGACAATCTCTGGGCTCCAGGCTGAGGACGAGGCTGATTATTACTGCACCAGTTACACGTCAAGCAGAACCCTGGTATTCGGCGGAGGGACCAAGCTGACCGTCCTA,QSALTQPASVSGSPGQSITISCTGTTSDVGGYNYVSWYQQHPGKAPKLMIYEVSNRPSGVSNRFSGSKSGNTASLTISGLQAEDEADYYCTSYTSSRTLVFGGGTKLTVL,DNA1AH90634,DNA1AH90659,1,7,,155000,0.000559,3.85E-09,1.7,,,,,,,29.743893,29.743893,21.913239,21.913239,98.82781,98.82781,1.994879172
16,Baseline,Baseline,FGFR1.YSD.1C2-AM232,DEADYYCTSYTSSSTLVFGGGTKLTVLGTTAASGSSGGSSSGAEVQLLESGGGLVQPGGSLRLSCAASGFTFSRYGMHWVRQAPGKGLEWVAVISYDESNKYYADSVKGRFTISRDNSKNTLYLQMNSLRAEDTAVYYCARGFWDDAGWSFDYWGQGTLVTVSS,QSALTQPASVSGSPGQSITISCTGTSSDVGGYNYVSWYQQHPGKAPKLMIYEVSNRPSGVSNRFSGSKSGNTASLTISGLQAEDEADYYCTSYTSSSTLVFGGGTKLTVLGTTAASGSSGGSSSGAEVQLLESGGGLVQPGGSLRLSCAASGFTFSRYGMHWVRQAPGKGLEWVAVISYDESNKYYADSVKGRFTISRDNSKNTLYLQMNSLRAEDTAVYYCARGFWDDAGWSFDYWGQGTLVTVSS,GAGGTGCAGCTGTTGGAGTCTGGGGGAGGCTTGGTACAGCCTGGGGGGTCCCTGAGACTCTCCTGTGCAGCCTCTGGATTTACTTTCAGCCGCTACGGGATGCACTGGGTCCGCCAGGCTCCAGGCAAGGGGCTAGAGTGGGTGGCAGTTATATCCTATGACGAGAGCAACAAATACTACGCAGACTCCGTGAAGGGCCGATTCACCATCTCCAGAGACAATTCCAAGAACACGCTGTATCTGCAAATGAACAGCCTGAGAGCTGAGGACACGGCCGTGTATTACTGTGCGAGAGGATTCTGGGATGATGCGGGTTGGAGTTTTGACTACTGGGGCCAAGGAACCCTGGTCACCGTCTCCTCA,EVQLLESGGGLVQPGGSLRLSCAASGFTFSRYGMHWVRQAPGKGLEWVAVISYDESNKYYADSVKGRFTISRDNSKNTLYLQMNSLRAEDTAVYYCARGFWDDAGWSFDYWGQGTLVTVSS,CAGTCTGCACTGACTCAGCCTGCCTCCGTGTCTGGGTCTCCTGGACAGTCGATCACCATCTCCTGCACAGGGACGTCATCAGACGTGGGTGGATATAACTACGTTTCTTGGTACCAACAGCACCCAGGCAAAGCCCCCAAACTCATGATTTATGAGGTCAGTAATCGGCCCTCAGGGGTTTCTAATCGCTTCTCTGGCTCCAAGTCTGGCAACACGGCCTCCCTGACCATCTCTGGGCTCCAGGCTGAGGACGAGGCTGATTATTACTGCACATCCTATACAAGTTCTTCTACCCTTGTATTCGGCGGAGGGACCAAGCTGACCGTCCTA,QSALTQPASVSGSPGQSITISCTGTSSDVGGYNYVSWYQQHPGKAPKLMIYEVSNRPSGVSNRFSGSKSGNTASLTISGLQAEDEADYYCTSYTSSSTLVFGGGTKLTVL,DNA1AH90635,DNA1AH90660,13,"2,5",,111000,0.000376,3.40E-09,2,,,,,,,62.08437,62.08437,55.774937,28.22482685,36.62266,36.62266,1.563749885
17,Baseline,Baseline,FGFR1.YSD.1C2-AM233,DEADYYCTSYTSSSTLVFGGGTKLTVLGTTAASGSSGGSSSGAEVQLVESGGGLVQPGGSLRLSCAASGFTFSRYGMHWVRQAPGKGLEWVAVISYDGNNKYYADSVKGRFTISRDNSKNTLYLQMNSLRAEDTAVYYCARGFWDDAGWSFDYWGQGTLVTVSS,QSALTQPASVSGSPGQSITISCTGTSSDVGGYNYVSWYQQHPGKAPKLMIYEVSNRPSGVSNRFSGSKSGNTASLTISGLQAEDEADYYCTSYTSSSTLVFGGGTKLTVLGTTAASGSSGGSSSGAEVQLVESGGGLVQPGGSLRLSCAASGFTFSRYGMHWVRQAPGKGLEWVAVISYDGNNKYYADSVKGRFTISRDNSKNTLYLQMNSLRAEDTAVYYCARGFWDDAGWSFDYWGQGTLVTVSS,GAGGTGCAGCTGGTGGAGTCTGGGGGAGGCTTGGTCCAGCCTGGGGGGTCCCTGAGACTCTCCTGTGCAGCCTCTGGGTTCACATTCTCCAGATATGGGATGCACTGGGTCCGCCAGGCTCCAGGCAAGGGGCTAGAGTGGGTGGCAGTTATCAGTTATGATGGTAACAACAAGTACTACGCAGACTCCGTGAAGGGCCGATTCACCATCTCCAGAGACAATTCCAAGAACACGCTGTATCTGCAAATGAACAGCCTGAGAGCTGAGGACACGGCCGTGTATTACTGTGCGAGAGGATTCTGGGATGATGCGGGTTGGAGTTTTGACTACTGGGGCCAAGGAACCCTGGTCACCGTCTCCTCA,EVQLVESGGGLVQPGGSLRLSCAASGFTFSRYGMHWVRQAPGKGLEWVAVISYDGNNKYYADSVKGRFTISRDNSKNTLYLQMNSLRAEDTAVYYCARGFWDDAGWSFDYWGQGTLVTVSS,CAGTCTGCCCTTACTCAGCCTGCCTCCGTGTCTGGGTCTCCTGGACAGTCGATCACCATCTCCTGCACCGGAACATCATCCGATGTGGGCGGGTACAATTACGTGTCATGGTACCAACAGCACCCAGGCAAAGCCCCCAAACTCATGATTTATGAGGTCAGTAATCGGCCCTCAGGGGTTTCTAATCGCTTCTCTGGCTCCAAGTCTGGCAACACGGCCTCCCTGACCATCTCTGGGCTCCAGGCTGAGGACGAGGCTGATTATTACTGCACGAGTTACACGAGCTCAAGCACTCTGGTATTCGGCGGAGGGACCAAGCTGACCGTCCTA,QSALTQPASVSGSPGQSITISCTGTSSDVGGYNYVSWYQQHPGKAPKLMIYEVSNRPSGVSNRFSGSKSGNTASLTISGLQAEDEADYYCTSYTSSSTLVFGGGTKLTVL,DNA1AH90636,DNA1AH90661,10,2,,120000,0.00055,4.59E-09,1.4,,,,,,,92.220795,75.7790625,79.154816,39.99263753,43.800884,43.800884,1.641482876
18,Baseline,Baseline,FGFR1.YSD.1C2-AM234,DEADYYCTSYTSSRTLVFGGGTKLNVLGTTAASGSSGGSSSGAEVQLLESGGGLVQPGGSLRLSCAASGFTFSSYGMHWVRQAPGKGLEWVAVVSYDGSNQYYADSVKGRFTISRDNSKNTLYLQMNSLRAEDTAVYYCARGFWDDAGWSFDYWGQGTLVTVSS,QSALTQPASVSGSPGQSITISCTGTSRDVGGYNYVSWYQQHPGKAPKLMIYEVSNRPSGVSNRFSGSKSGNTASLTISGLQAEDEADYYCTSYTSSRTLVFGGGTKLNVLGTTAASGSSGGSSSGAEVQLLESGGGLVQPGGSLRLSCAASGFTFSSYGMHWVRQAPGKGLEWVAVVSYDGSNQYYADSVKGRFTISRDNSKNTLYLQMNSLRAEDTAVYYCARGFWDDAGWSFDYWGQGTLVTVSSGSEQKLISEEDL**LEIWPCITVREDSGMMRVGVLTTGAKEPWSPSP,GAGGTGCAGCTGTTGGAGTCTGGGGGAGGCTTGGTACAGCCTGGGGGGTCCCTGAGACTCTCCTGTGCAGCCTCTGGCTTCACATTCAGTTCATATGGTATGCACTGGGTCCGTCAGGCTCCAGGCAAGGGGCTAGAGTGGGTGGCAGTTGTTTCCTACGACGGATCTAATCAATACTACGCAGACTCCGTGAAGGGCCGGTTCACCATCTCCAGAGACAATTCCAAGAACACGCTGTATCTGCAAATGAACAGCCTGAGAGCCGAGGACACGGCCGTGTATTACTGTGCGAGAGGATTCTGGGATGATGCGGGTTGGAGTTTTGACTACTGGGGCCAAGGAACCCTGGTCACCGTCTCCTCA,EVQLLESGGGLVQPGGSLRLSCAASGFTFSSYGMHWVRQAPGKGLEWVAVVSYDGSNQYYADSVKGRFTISRDNSKNTLYLQMNSLRAEDTAVYYCARGFWDDAGWSFDYWGQGTLVTVSS,CAGTCTGCCCTGACTCAGCCTGCCTCCGTGTCTGGNTCTCCTGGACAGTCGATAACCATCTCCTGCACTGGCACATCACGGGACGTCGGGGGCTATAACTACGTGTCCTGGTACCAACAGCACCCAGGCAAAGCCCCCAAACTCATGATTTATGAGGTCAGTAATCGGCCCTCAGGGGTTTCTAATCGCTTCTCTGGCTCCAAGTCTGGCAACACGGCCTCCCTGACCATCTCTGGGCTCCAGGCTGAGGACGAGGCTGATTATTACTGCACCAGTTACACGTCAAGCAGAACCCTGGTATTCGGCGGAGGGACCAAGCTGAACGTCCTA,QSALTQPASVSGSPGQSITISCTGTSRDVGGYNYVSWYQQHPGKAPKLMIYEVSNRPSGVSNRFSGSKSGNTASLTISGLQAEDEADYYCTSYTSSRTLVFGGGTKLNVL,DNA1AH90637,DNA1AH90668,8,7,,151000,0.000575,3.80E-09,1.7,,,,,,,31.023556,31.023556,18.46931,18.46931,384.31857,384.31857,2.58469137
19,Baseline,Baseline,FGFR1.YSD.1C2-AM235,DEADYYCCSYARSITLVFGGGTKLTVLGTTAASGSSGGSSSGAEVQLLESGGGLVQPGGSLRLSCAASGFTLSSYGMHWVRQAPGKGLEWVAVISYDGSSKYYADSVKGRFTISRDNSKNTLYLQMNSLRAEDTAVYYCARGFWDDAGWSFDYWGQGTLVTVSS,QSALTQPASVSGSPGQSITISCTGTSSDVGSYNYVSWYQQHPGKAPKLMIYEGSKRPSGVSNRFSGSKSGNTASLTISGLQAEDEADYYCCSYARSITLVFGGGTKLTVLGTTAASGSSGGSSSGAEVQLLESGGGLVQPGGSLRLSCAASGFTLSSYGMHWVRQAPGKGLEWVAVISYDGSSKYYADSVKGRFTISRDNSKNTLYLQMNSLRAEDTAVYYCARGFWDDAGWSFDYWGQGTLVTVSS,GAGGTGCAGCTGTTGGAGTCTGGGGGAGGCTTGGTACAGCCTGGGGGGTCCCTGAGACTCTCCTGTGCAGCCTCTGGTTTTACACTTTCATCCTATGGTATGCACTGGGTCCGCCAGGCTCCAGGCAAGGGGCTAGAGTGGGTGGCAGTTATCAGTTATGACGGGAGCAGCAAATACTACGCAGACTCCGTGAAGGGCCGATTCACCATCTCCAGAGACAATTCCAAGAACACGCTGTATCTGCAAATGAACAGCCTGAGAGCTGAGGACACGGCCGTGTATTACTGTGCGAGAGGATTCTGGGATGATGCGGGTTGGAGTTTTGACTACTGGGGCCAAGGAACCCTGGTCACCGTCTCCTCA,EVQLLESGGGLVQPGGSLRLSCAASGFTLSSYGMHWVRQAPGKGLEWVAVISYDGSSKYYADSVKGRFTISRDNSKNTLYLQMNSLRAEDTAVYYCARGFWDDAGWSFDYWGQGTLVTVSS,CAGTCTGCCCTGACTCAGCCTGCCTCCGTGTCTGGGTCTCCTGGACAGTCGATCACCATCTCCTGCACCGGTACCTCCTCCGACGTTGGGAGCTACAATTATGTCAGTTGGTACCAACAGCACCCAGGCAAAGCCCCCAAACTCATGATTTATGAGGGCAGTAAGCGGCCCTCAGGGGTTTCTAATCGCTTCTCTGGCTCCAAGTCTGGCAACACGGCCTCCCTGACAATCTCTGGGCTCCAGGCTGAGGACGAGGCTGATTATTACTGCTGCTCTTACGCACGCTCAATCACTCTTGTATTCGGCGGAGGGACCAAGCTGACCGTCCTA,QSALTQPASVSGSPGQSITISCTGTSSDVGSYNYVSWYQQHPGKAPKLMIYEGSKRPSGVSNRFSGSKSGNTASLTISGLQAEDEADYYCCSYARSITLVFGGGTKLTVL,DNA1AH90638,DNA1AH90662,6,"3,4,6",,338000,0.00144,4.73E-09,1.4,,,,,,,29.252726,29.252726,34.332798,34.332798,22.89637,22.89637,1.359766635
20,Baseline,Baseline,FGFR1.YSD.1C2-AM237,DEADYYCTSYASSRTLVFGGGTKLTVLGTTAASGSSGGSSSGAEVQLLESGGGLVQPGGSLRLSCAASGFTFSSYGMHWVRQAPGKGLEWVAVISYDGSNKYYADSVKGRFTISRDNSKNTLYLQMNSLRAEDTAVYYCARGFWDDAGWSFDYWGQGTLVTVSS,QSALTQPASVSGSPGQSITISCTGTSSDVGGYNYVSWYQQHPGKAPKLMIYEVSNRPSGVSNRFSGSKSGNTASLTISGLQAEDEADYYCTSYASSRTLVFGGGTKLTVLGTTAASGSSGGSSSGAEVQLLESGGGLVQPGGSLRLSCAASGFTFSSYGMHWVRQAPGKGLEWVAVISYDGSNKYYADSVKGRFTISRDNSKNTLYLQMNSLRAEDTAVYYCARGFWDDAGWSFDYWGQGTLVTVSS,GAGGTGCAGCTGTTGGAGTCTGGGGGAGGCTTGGTACAGCCTGGGGGGTCCCTGAGACTCTCCTGTGCAGCCTCTGGTTTCACGTTTTCATCATACGGTATGCACTGGGTCCGCCAGGCTCCAGGCAAGGGGCTAGAGTGGGTGGCAGTTATTTCATATGACGGCAGTAATAAGTACTACGCAGACTCCGTGAAGGGCCGATTCACCATCTCCAGAGACAATTCCAAGAACACGCTGTATCTGCAAATGAACAGCCTGAGAGCTGAGGACACGGCCGTGTATTACTGTGCGAGAGGATTCTGGGATGATGCGGGTTGGAGTTTTGACTACTGGGGCCAAGGAACCCTGGTCACCGTCTCCTCA,EVQLLESGGGLVQPGGSLRLSCAASGFTFSSYGMHWVRQAPGKGLEWVAVISYDGSNKYYADSVKGRFTISRDNSKNTLYLQMNSLRAEDTAVYYCARGFWDDAGWSFDYWGQGTLVTVSS,CAGTCTGCCCTGACTCAGCCTGCCTCCGTGTCTGGGTCTCCTGGACAGTCGATCACCATCTCCTGCACTGGTACCTCATCAGACGTGGGCGGCTATAACTACGTTTCCTGGTACCAACAGCACCCAGGCAAAGCCCCCAAACTCATGATTTATGAGGTCAGTAATCGGCCCTCAGGGGTTTCTAATCGCTTCTCTGGCTCCAAGTCTGGCAACACGGCCTCCCTGACCATCTCTGGGCTCCAGGCTGAGGACGAGGCTGATTATTACTGCACAAGCTATGCCTCTAGCCGGACGCTGGTATTCGGCGGAGGGACCAAGCTGACCGTCCTA,QSALTQPASVSGSPGQSITISCTGTSSDVGGYNYVSWYQQHPGKAPKLMIYEVSNRPSGVSNRFSGSKSGNTASLTISGLQAEDEADYYCTSYASSRTLVFGGGTKLTVL,DNA1AH90639,DNA1AH90663,5,7,,156000,0.000331,2.12E-09,3.1,,281000,0.000596,2.09E-09,11.6,5.99666574,34.733692,34.733692,22.9263,22.9263,316.43604,316.43604,2.500285941
21,Baseline,Baseline,FGFR1.YSD.1C2-AM238,DEADYYCTSYTSSRSLVFGGGTKLTVLGTTAASGSSGGSSSGAEVQLVESGGGLVKPGGSLRLSCAASGFIFSSYGMHWVRQAPGKGLEWVAVISYDGSNKYYADSVKGRFTISRDNSKNTLYLQMNSLRAEDTAVYYCARGFWDDAGWSFDYWGQGTLVTVSS,QSALTQPASVSGSPGQSITISCTGTSSDVGGYNYVSWYQQHPGKAPKLMIYEVSNRPSGVSNRFSGSKSGNTASLTISGLQAEDEADYYCTSYTSSRSLVFGGGTKLTVLGTTAASGSSGGSSSGAEVQLVESGGGLVKPGGSLRLSCAASGFIFSSYGMHWVRQAPGKGLEWVAVISYDGSNKYYADSVKGRFTISRDNSKNTLYLQMNSLRAEDTAVYYCARGFWDDAGWSFDYWGQGTLVTVSS,GAGGTGCAGCTGGTGGAGTCTGGGGGAGGCTTGGTAAAGCCTGGGGGGTCACTTAGACTCTCCTGTGCAGCCTCTGGATTCATCTTTAGCTCATACGGAATGCACTGGGTCCGCCAGGCTCCAGGCAAGGGGCTAGAGTGGGTGGCAGTTATTTCATACGATGGTAGCAACAAATACTACGCAGACTCCGTGAAGGGCCGATTCACCATCTCCAGAGACAATTCCAAGAACACGCTGTATCTGCAAATGAACAGCCTGAGAGCTGAGGACACGGCCGTGTATTACTGTGCGAGAGGATTCTGGGATGATGCGGGTTGGAGTTTTGACTACTGGGGCCAAGGAACCCTGGTCACCGTCTCCTCA,EVQLVESGGGLVKPGGSLRLSCAASGFIFSSYGMHWVRQAPGKGLEWVAVISYDGSNKYYADSVKGRFTISRDNSKNTLYLQMNSLRAEDTAVYYCARGFWDDAGWSFDYWGQGTLVTVSS,CAGTCTGCCCTGACTCAGCCTGCCTCCGTGTCTGGGTCTCCTGGACAGTCGATCACCATCTCCTGCACAGGTACATCTTCTGATGTTGGCGGGTACAATTATGTTTCTTGGTACCAACAGCACCCAGGCAAAGCCCCCAAACTCATGATTTATGAGGTCAGTAATCGGCCCTCAGGGGTTTCTAATCGCTTCTCTGGCTCCAAGTCTGGCAACACGGCCTCCCTGACCATCTCTGGGCTCCAGGCTGAGGACGAGGCTGATTATTACTGCACCTCCTACACTTCATCACGGAGTCTGGTATTCGGCGGAGGGACCAAGCTGACCGTCCTA,QSALTQPASVSGSPGQSITISCTGTSSDVGGYNYVSWYQQHPGKAPKLMIYEVSNRPSGVSNRFSGSKSGNTASLTISGLQAEDEADYYCTSYTSSRSLVFGGGTKLTVL,DNA1AH90640,DNA1AH90664,5,"6,7",,183000,0.000469,2.57E-09,2.6,,,,,,,43.43275,43.43275,21.044273,21.044273,268.24194,230.27087,2.362239002
22,Baseline,Baseline,FGFR1.YSD.1C2-AM239,DEADYYCTSYASSRTLVFGGGTKLTVLGTTAASGSSGGSSSGAEVQLLESGGGLVQPGGSLRLSCAASGFTFSSYGMHWVRQAPGKGLEWVAVISFDGSNEYYADSVKGRFTISRDNSKNTLYLQMNSLRAEDTAVYYCARGFWDDAGWSFDYWGQGTLVTVSS,QSALTQPASVSGSPGQSITISCTGTSSDVGAYNYVSWYQQHPGKAPKLMIYEVSNRPSGVSNRFSGSKSGNTASLTISGLQAEDEADYYCTSYASSRTLVFGGGTKLTVLGTTAASGSSGGSSSGAEVQLLESGGGLVQPGGSLRLSCAASGFTFSSYGMHWVRQAPGKGLEWVAVISFDGSNEYYADSVKGRFTISRDNSKNTLYLQMNSLRAEDTAVYYCARGFWDDAGWSFDYWGQGTLVTVSS,GAGGTGCAGCTGTTGGAGTCTGGGGGAGGCTTGGTACAGCCTGGGGGGTCCCTTAGACTCTCCTGTGCAGCCTCTGGCTTTACTTTCTCCAGTTACGGCATGCACTGGGTCCGCCAGGCTCCAGGCAAGGGGCTAGAGTGGGTGGCAGTTATCTCATTTGATGGTTCCAACGAATACTACGCAGACTCCGTGAAGGGCCGATTCACCATCTCCAGAGACAATTCCAAGAACACGCTGTATCTGCAAATGAACAGCCTGAGAGCTGAGGACACGGCCGTGTATTACTGTGCGAGAGGATTCTGGGATGATGCGGGTTGGAGTTTTGACTACTGGGGCCAAGGAACCCTGGTCACCGTCTCCTCA,EVQLLESGGGLVQPGGSLRLSCAASGFTFSSYGMHWVRQAPGKGLEWVAVISFDGSNEYYADSVKGRFTISRDNSKNTLYLQMNSLRAEDTAVYYCARGFWDDAGWSFDYWGQGTLVTVSS,CAGTCTGCCCTGACTCAGCCTGCCTCCGTGTCTGGGTCTCCTGGACAGTCGATCACCATCTCCTGCACCGGCACATCATCAGACGTTGGAGCTTACAACTACGTGTCCTGGTACCAACAGCACCCAGGCAAAGCCCCCAAACTCATGATTTATGAGGTAAGTAATCGGCCCTCAGGGGTTTCTAATCGCTTCTCTGGCTCCAAGTCTGGCAACACGGCCTCCCTGACCATCTCTGGGCTCCAGGCTGAGGACGAGGCTGATTATTACTGCACAAGCTATGCCTCTAGCCGGACGCTGGTATTCGGCGGAGGGACCAAGCTGACCGTCCTA,QSALTQPASVSGSPGQSITISCTGTSSDVGAYNYVSWYQQHPGKAPKLMIYEVSNRPSGVSNRFSGSKSGNTASLTISGLQAEDEADYYCTSYASSRTLVFGGGTKLTVL,DNA1AH90641,DNA1AH90665,4,"3, 7",,217000,0.00086,3.96E-09,1.7,,,,,,,49.933266,49.933266,34.068714,34.068714,265.62045,265.62045,2.424261508
23,Baseline,Baseline,FGFR1.YSD.1C2-AM241,DEADYYCSSYTTSTALVFGGGTKLTVLGTTAASGSSGGSSSGAEVQLLESGGGLVQPGGSLRLSCAASGFAFSNYGMHWVRQAPGKGLEWVAVISYDGSNKYYADSVKGRFTISRDNSKNTLYLQMNSLRAEDTAVYYCARGFWDDAGWSFDYWGQGTLVTVSS,QSALTQPASVSGSPGQSITISCTGTSSDVGGYNYVSWYQQHPGKAPKLMIYEVSNRPSGVSNRFSGSKSGNTASLTISGLQAEDEADYYCSSYTTSTALVFGGGTKLTVLGTTAASGSSGGSSSGAEVQLLESGGGLVQPGGSLRLSCAASGFAFSNYGMHWVRQAPGKGLEWVAVISYDGSNKYYADSVKGRFTISRDNSKNTLYLQMNSLRAEDTAVYYCARGFWDDAGWSFDYWGQGTLVTVSS,GAGGTGCAGCTGTTGGAGTCTGGGGGAGGCTTGGTACAGCCTGGGGGGTCCCTGAGACTCTCCTGTGCAGCCTCTGGGTTCGCCTTTTCTAACTATGGTATGCACTGGGTCCGCCAGGCTCCAGGCAAGGGGCTAGAGTGGGTGGCAGTTATATCCTATGATGGTTCTAACAAGTACTACGCAGACTCCGTGAAGGGCCGGTTCACCATCTCCAGAGACAATTCCAAGAACACGCTGTATCTGCAAATGAACAGCCTGAGAGCTGAGGACACGGCCGTGTATTACTGTGCGAGAGGATTCTGGGATGATGCGGGTTGGAGTTTTGACTACTGGGGCCAAGGAACCCTGGTCACCGTCTCCTCA,EVQLLESGGGLVQPGGSLRLSCAASGFAFSNYGMHWVRQAPGKGLEWVAVISYDGSNKYYADSVKGRFTISRDNSKNTLYLQMNSLRAEDTAVYYCARGFWDDAGWSFDYWGQGTLVTVSS,CAGTCTGCCCTGACTCAGCCTGCCTCCGTGTCTGGGTCTCCTGGACAGTCGATCACCATCTCCTGCACGGGCACATCATCTGATGTCGGTGGTTATAACTACGTCTCATGGTACCAACAGCACCCAGGCAAAGCCCCCAAACTCATGATTTATGAGGTCAGTAATCGGCCCTCAGGGGTTTCTAATCGCTTCTCTGGCTCCAAGTCTGGCAACACGGCCTCCCTGACCATCTCTGGGCTCCAGGCTGAGGACGAGGCTGATTATTACTGCAGTAGTTACACAACTTCCACGGCATTGGTATTCGGCGGAGGGACCAAGCTGACCGTCCTA,QSALTQPASVSGSPGQSITISCTGTSSDVGGYNYVSWYQQHPGKAPKLMIYEVSNRPSGVSNRFSGSKSGNTASLTISGLQAEDEADYYCSSYTTSTALVFGGGTKLTVL,DNA1AH90642,DNA1AH90666,2,"3, 7",,337000,0.000434,1.29E-09,5.2,,,,,,,43.75277,43.75277,44.149048,44.149048,128.61285,128.61285,2.109284362
24,Baseline,Baseline,FGFR1.YSD.1C2-AM242,DEADYYCTSYTSSSTLVFGGGTKLTVLGTTAASGSSGGSSSGAEVQLVESGGGLVKPGGSLRLSCAASGFTFSDYGMHWVRQAPGKGLEWVAVISFDGSNKYYADSVKGRFTISRDNSKNTLYLQMNSLRAEDTAVYYCARGFWDDAGWSFDYWGQGTLVTVSS,QSALTQPASVSGSPGQSITISCTGTSSDVGGYNYVSWYQQHPGKAPKLMIYEVSNRPSGVSNRFSGSKSGNTASLTISGLQAEDEADYYCTSYTSSSTLVFGGGTKLTVLGTTAASGSSGGSSSGAEVQLVESGGGLVKPGGSLRLSCAASGFTFSDYGMHWVRQAPGKGLEWVAVISFDGSNKYYADSVKGRFTISRDNSKNTLYLQMNSLRAEDTAVYYCARGFWDDAGWSFDYWGQGTLVTVSS,GAGGTGCAGCTGGTGGAGTCTGGGGGAGGCTTGGTAAAGCCTGGGGGGTCCCTTAGACTCTCCTGTGCAGCCTCTGGTTTTACCTTTTCCGACTACGGAATGCACTGGGTCCGCCAGGCTCCAGGCAAGGGGCTAGAGTGGGTGGCAGTTATATCATTTGACGGTAGTAACAAATACTACGCAGACTCCGTGAAGGGCCGGTTCACCATCTCCAGAGACAATTCCAAGAACACGCTGTATCTGCAAATGAACAGCCTGAGAGCCGAGGACACGGCCGTGTATTACTGTGCGAGAGGATTCTGGGATGATGCGGGTTGGAGTTTTGACTACTGGGGCCAAGGAACCCTGGTCACCGTCTCCTCA,EVQLVESGGGLVKPGGSLRLSCAASGFTFSDYGMHWVRQAPGKGLEWVAVISFDGSNKYYADSVKGRFTISRDNSKNTLYLQMNSLRAEDTAVYYCARGFWDDAGWSFDYWGQGTLVTVSS,CAGTCTGCCCTGACTCAGCCTGCCTCCGTGTCTGGGTCTCCTGGACAGTCGATCACCATCTCCTGCACGGGCACCTCTAGCGATGTAGGAGGTTACAATTATGTGTCCTGGTACCAACAGCACCCAGGCAAAGCCCCCAAACTCATGATTTATGAGGTCAGTAATCGGCCCTCAGGGGTTTCTAATCGCTTCTCTGGCTCCAAGTCTGGCAACACGGCCTCCCTGACCATCTCTGGGCTCCAGGCTGAGGACGAGGCTGATTATTACTGCACGAGTTACACGAGCTCAAGCACTCTGGTATTCGGCGGAGGGACCAAGCTGACCGTCCTA,QSALTQPASVSGSPGQSITISCTGTSSDVGGYNYVSWYQQHPGKAPKLMIYEVSNRPSGVSNRFSGSKSGNTASLTISGLQAEDEADYYCTSYTSSSTLVFGGGTKLTVL,DNA1AH90643,DNA1AH90667,2,6,,257000,0.000511,1.99E-09,3.3,,,,,,,43.51757,43.51757,23.446138,23.446138,38.397354,38.397354,1.584301298
25,Parental,Baseline,FGFR1.YSD.1C2 (parental),DEADYYCSSYTSSSTLVFGGGTKLTVLGTTAASGSSGGSSSGAEVQLVESGGGVVQPGRSLRLSCAASGFTFSSYAMHWVRQAPGKGLEWVAVISYDGSNKYYADSVKGRFTISRDNSKNTLYLQMNSLRAEDTAVYYCARGFWDDAGWSFDYWGQGTLVTVSS,,GAGGTGCAGCTGGTGGAGTCTGGGGGAGGCGTGGTCCAGCCTGGGAGGTCCCTGAGACTCTCCTGTGCAGCCTCTGGATTCACCTTCAGTAGCTATGCTATGCACTGGGTCCGCCAGGCTCCAGGCAAGGGGCTAGAGTGGGTTGCAGTTATATCATATGATGGAAGTAATAAATACTACGCAGACTCCGTGAAGGGCCGATTCACCATCTCCAGAGACAATTCCAAGAACACGCTGTATCTGCAAATGAACAGCCTGAGAGCTGAGGACACGGCCGTGTATTACTGTGCGAGAGGATTCTGGGATGATGCGGGTTGGAGTTTTGACTACTGGGGCCAAGGAACCCTGGTCACCGTCTCCTCA,EVQLVESGGGVVQPGRSLRLSCAASGFTFSSYAMHWVRQAPGKGLEWVAVISYDGSNKYYADSVKGRFTISRDNSKNTLYLQMNSLRAEDTAVYYCARGFWDDAGWSFDYWGQGTLVTVSS,CAGTCTGCCCTGACTCAGCCTGCCTCCGTGTCTGGGTCTCCTGGACAGTCGATCACCATCTCCTGCACTGGAACCAGCAGTGACGTTGGTGGTTATAACTATGTCTCCTGGTACCAACAGCACCCAGGCAAAGCCCCCAAACTCATGATTTATGAGGTCAGTAATCGGCCCTCAGGGGTTTCTAATCGCTTCTCTGGCTCCAAGTCTGGCAACACGGCCTCCCTGACCATCTCTGGGCTCCAGGCTGAGGACGAGGCTGATTATTACTGCAGCTCATATACAAGCAGCAGCACTCTCGTATTCGGCGGAGGGACCAAGCTGACCGTCCTA,QSALTQPASVSGSPGQSITISCTGTSSDVGGYNYVSWYQQHPGKAPKLMIYEVSNRPSGVSNRFSGSKSGNTASLTISGLQAEDEADYYCSSYTSSSTLVFGGGTKLTVL,DNA1AH08623,,,,,231000,0.00153,6.64E-09,1,,418000,0.0101,2.42E-08,1,1,19.131353,19.131353,19.874413,19.874413,24.306475,24.306475,1.385721981
26,Prior campaign,Prior campaign,FGFR1.YSD.1C2-AM03 (prior campaign),DEADYYCTSYTRGSTLVFGGGTKLTVLGTTAASGSSGGSSSGAEVQLLESGGGLVQPGGSLRLSCAASGFTFSSYGMHWVRQAPGKGLEWVAVISYDGSHKYYADSVKGRFTISRDNSKNTLYLQMNSLRAEDTAVYYCARGFWDDAGWSFDYWGQGTLVTVSS,,GAGGTGCAGCTGTTGGAGTCTGGGGGAGGCTTGGTACAGCCTGGGGGGTCCCTGAGACTCTCCTGTGCAGCCTCTGGCTTTACCTTCAGCTCTTACGGCATGCACTGGGTCCGCCAGGCTCCAGGCAAGGGGCTAGAGTGGGTGGCAGTTATTTCATACGATGGTTCCCATAAATACTACGCAGACTCCGTGAAGGGCCGGTTCACCATCTCCAGAGACAATTCCAAGAACACGCTGTATCTGCAAATGAACAGCCTGAGAGCCGAGGACACGGCCGTGTATTACTGTGCGAGAGGATTCTGGGATGATGCGGGTTGGAGTTTTGACTACTGGGGCCAAGGAACCCTGGTCACCGTCTCCTCA,EVQLLESGGGLVQPGGSLRLSCAASGFTFSSYGMHWVRQAPGKGLEWVAVISYDGSHKYYADSVKGRFTISRDNSKNTLYLQMNSLRAEDTAVYYCARGFWDDAGWSFDYWGQGTLVTVSS,CAGTCTGCCCTGACTCAGCCTGCCTCCGTGTCTGGGTCTCCTGGACAGTCGATCACCATCTCCTGCACAGGTACTTCTTCCGACGTGGGTGGATACAATTACGTCAGCTGGTACCAACAGCACCCAGGCAAAGCCCCCAAACTCATGATTTATGAGGTCAGTAATCGGCCCTCAGGGGTTTCTAATCGCTTCTCTGGCTCCAAGTCTGGCAACACGGCCTCCCTGACCATCTCTGGGCTCCAGGCTGAGGACGAGGCTGATTATTACTGCACTTCATACACCAGAGGCAGTACATTGGTATTCGGCGGAGGGACCAAGCTGACCGTCCTA,QSALTQPASVSGSPGQSITISCTGTSSDVGGYNYVSWYQQHPGKAPKLMIYEVSNRPSGVSNRFSGSKSGNTASLTISGLQAEDEADYYCTSYTRGSTLVFGGGTKLTVL,DNA1AH69062,,,,,341000,0.0006,1.76E-09,3.8,,339000,0.000916,2.70E-09,9,5.848076607,30.58585,30.58585,17.075825,17.075825,11.880882,11.880882,1.074848683
27,Prior campaign,Prior campaign,FGFR1.YSD.1C2-AM14 (prior campaign),DEADYYCTSYTSSRTVVFGGGTKLTVLGTTAASGSSGGSSSGAEVQLVESGGGLVQPGGSLRLSCAASGFTFSSYGMHWVRQAPGKGLEWVAVISYDGSSKYYADSVKGRFTISRDNSKNTLYLQMNSLRAEDTAVYYCARGFWDDAGWSFDYWGQGTLVTVSS,,GAGGTGCAGCTGGTGGAGTCTGGGGGAGGCTTGGTCCAGCCTGGGGGGTCCCTGAGACTCTCCTGTGCAGCCTCTGGCTTTACATTCAGTAGTTACGGGATGCACTGGGTCCGCCAGGCTCCAGGCAAGGGGCTAGAGTGGGTGGCAGTTATTAGCTATGACGGATCAAGTAAATACTACGCAGACTCCGTGAAGGGCCGGTTCACCATCTCCAGAGACAATTCCAAGAACACGCTGTATCTGCAAATGAACAGCCTGAGAGCCGAGGACACGGCCGTGTATTACTGTGCGAGAGGATTCTGGGATGATGCGGGTTGGAGTTTTGACTACTGGGGCCAAGGAACCCTGGTCACCGTCTCCTCA,EVQLVESGGGLVQPGGSLRLSCAASGFTFSSYGMHWVRQAPGKGLEWVAVISYDGSSKYYADSVKGRFTISRDNSKNTLYLQMNSLRAEDTAVYYCARGFWDDAGWSFDYWGQGTLVTVSS,CAGTCTGCCCTTACTCAGCCTGCCTCCGTGTCTGGGTCTCCTGGACAGTCGATCACCATCTCCTGCACTGGTACATCCAATGATGTAGGTGGTTATAATTACGTTAGTTGGTACCAACAGCACCCAGGCAAAGCCCCCAAACTCATGATTTATGAGGTCAGTAATAGGCCCTCAGGGGTTTCTAATCGCTTCTCTGGCTCCAAGTCTGGCAACACGGCCTCCCTGACCATCTCTGGGCTCCAGGCTGAGGACGAGGCTGATTATTACTGCACATCTTACACATCATCTAGAACGGTCGTATTCGGCGGAGGGACCAAGCTGACCGTCCTA,QSALTQPASVSGSPGQSITISCTGTSNDVGGYNYVSWYQQHPGKAPKLMIYEVSNRPSGVSNRFSGSKSGNTASLTISGLQAEDEADYYCTSYTSSRTVVFGGGTKLTVL,DNA1AH69060,,,,,201000,0.000562,2.79E-09,2.4,,236000,0.00112,4.91E-09,4.9,3.42928564,,,,,,,
28,Prior campaign,Prior campaign,FGFR1.YSD.1C2-AM22 (prior campaign),DEADYYCTSFTSSSTLVFGGGTKLTVLGTTAASGSSGGSSSGAEVQLLESGGGLVQPGGSLRLSCAASGFTFSDYGMHWVRQAPGKGLEWVAVISFGGSNKYYADSVKGRFTISRDNSKNTLYLQMNSLRAEDTAVYYCARGFWDDAGWSFDYWGQGTLVTVSS,,GAGGTGCAGCTGTTGGAGTCTGGGGGAGGCTTGGTACAGCCTGGGGGGTCCCTTAGACTCTCCTGTGCAGCCTCTGGGTTCACTTTCTCCGATTATGGCATGCACTGGGTCCGCCAGGCTCCAGGCAAGGGGCTAGAGTGGGTGGCAGTTATCTCTTTTGGAGGCTCAAATAAATACTACGCAGACTCCGTGAAGGGCCGATTCACCATCTCCAGAGACAATTCCAAGAACACGCTGTATCTGCAAATGAACAGCCTGAGAGCTGAGGACACGGCCGTGTATTACTGTGCGAGAGGATTCTGGGATGATGCGGGTTGGAGTTTTGACTACTGGGGCCAAGGAACCCTGGTCACCGTCTCCTCA,EVQLLESGGGLVQPGGSLRLSCAASGFTFSDYGMHWVRQAPGKGLEWVAVISFGGSNKYYADSVKGRFTISRDNSKNTLYLQMNSLRAEDTAVYYCARGFWDDAGWSFDYWGQGTLVTVSS,CAGTCTGCCCTGACTCAGCCTGCCTCCGTGTCTGGGTCTCCTGGACAGTCGATCACCATCTCCTGCACTGGAACAAGTAGCGACGTCGGTGGATACAACTATGTTTCCTGGTACCAACAGCACCCAGGCAAAGCCCCCAAACTCATGATTTATGAGGTCAGTAATCGGCCCTCAGGGGTTTCTAATCGCTTCTCTGGCTCCAAGTCTGGCAACACGGCCTCCCTGACCATCTCTGGGCTCCAGGCTGAGGACGAGGCTGATTATTACTGCACTTCCTTTACCTCTTCAAGTACACTGGTATTCGGCGGAGGGACCAAGCTGACCGTCCTA,QSALTQPASVSGSPGQSITISCTGTSSDVGGYNYVSWYQQHPGKAPKLMIYEVSNRPSGVSNRFSGSKSGNTASLTISGLQAEDEADYYCTSFTSSSTLVFGGGTKLTVL,DNA1AH69058,,,,,327000,0.000209,6.40E-10,10.4,,387000,0.000484,1.25E-09,19.4,14.20422472,,,,,,,
29,SimpleFitness,E,FGFR1.YSD.1C2-DF.E_1.hIgG1,DEADYYCCSYASSTALVFGGGTKLTVLGTTAASGSSGGSSSGAEVQLVESGGGLVKPGGSLRLSCAASGFTFSRYGMHWVRQAPGKGLEWVAVISYDGSSKYYADSVKGRFTISRDNSKNTLYLQMNSLRAEDTAVYYCARGFWDDAGWSFDYWGQGTLVTVSS,,GAGGTTCAGCTGGTGGAGAGCGGTGGAGGCCTGGTGAAACCCGGCGGGAGTTTGAGACTGAGTTGCGCTGCAAGCGGCTTCACTTTCAGCAGATACGGCATGCACTGGGTTCGCCAAGCTCCTGGCAAAGGCCTGGAATGGGTGGCTGTCATCTCCTACGATGGCTCCAGCAAGTATTACGCCGATAGCGTGAAGGGCCGTTTCACCATCAGCAGAGACAACTCTAAAAACACTCTGTACCTGCAGATGAACTCTCTGAGGGCTGAGGACACTGCTGTTTACTATTGCGCTCGCGGGTTTTGGGACGATGCCGGTTGGTCTTTCGACTACTGGGGTCAGGGGACTCTGGTGACCGTCAGTTCC,EVQLVESGGGLVKPGGSLRLSCAASGFTFSRYGMHWVRQAPGKGLEWVAVISYDGSSKYYADSVKGRFTISRDNSKNTLYLQMNSLRAEDTAVYYCARGFWDDAGWSFDYWGQGTLVTVSS,CAGTCTGCGCTGACTCAGCCGGCTTCCGTATCCGGCTCTCCCGGACAGTCCATCACCATCTCATGTACGGGTACCAGCTCTGACGTCGGCGGTTACAACTATGTATCCTGGTATCAACAGCATCCAGGCAAAGCTCCCAAGCTGATGATCTATGAGGTGTCAAACCGCCCGAGCGGGGTGAGCAACAGGTTCTCTGGCTCAAAAAGCGGTAACACCGCATCCTTGACCATTAGCGGCCTCCAGGCCGAGGACGAAGCCGATTATTACTGCTGTTCTTATGCCTCCAGTACGGCCCTTGTCTTTGGCGGTGGCACAAAACTGACCGTATTG,QSALTQPASVSGSPGQSITISCTGTSSDVGGYNYVSWYQQHPGKAPKLMIYEVSNRPSGVSNRFSGSKSGNTASLTISGLQAEDEADYYCCSYASSTALVFGGGTKLTVL,,,,E,,367000,0.000631,1.72E-09,3.860465116,,223000,0.000883,3.96E-09,6.111111111,4.857132,88.89935,88.89935,25.803675,25.803675,49.72604,49.72604,1.696583875
30,SimpleFitness,E,FGFR1.YSD.1C2-DF.E_2.hIgG1,DEADYYCTSYTSSSTLVFGGGTKLTVLGTTAASGSSGGSSSGAEVQLVESGGGLVQPGGSLRLSCAASGFTFSRYGIHWVRQAPGKGLEWVAVISYDGNNKYYADSVKGRFTISRDNSKNTLYLQMNSLRAEDTAVYYCARGFWDDAGWSFDYWGQGTLVTVSS,,GAGGTGCAGCTGGTGGAGAGCGGTGGCGGGCTGGTACAGCCAGGTGGCTCCCTGCGTTTGAGTTGTGCTGCCTCCGGTTTCACCTTCTCCCGCTACGGAATTCACTGGGTGAGACAAGCCCCCGGCAAAGGACTGGAATGGGTCGCTGTGATCTCTTACGATGGCAATAACAAGTATTACGCGGATTCCGTCAAAGGGAGGTTCACCATTTCCAGAGACAACTCCAAAAACACCCTGTACTTGCAGATGAATTCTCTCCGCGCCGAGGATACTGCTGTGTATTACTGTGCCAGGGGCTTCTGGGACGATGCCGGATGGTCCTTTGATTACTGGGGACAGGGCACACTGGTGACCGTGTCCAGC,EVQLVESGGGLVQPGGSLRLSCAASGFTFSRYGIHWVRQAPGKGLEWVAVISYDGNNKYYADSVKGRFTISRDNSKNTLYLQMNSLRAEDTAVYYCARGFWDDAGWSFDYWGQGTLVTVSS,CAAAGCGCGCTGACCCAGCCTGCCTCCGTGTCAGGTAGTCCCGGTCAGTCAATTACAATCTCCTGTACGGGAACCAGTTCCGACGTAGGGGGCTATAATTATGTGAGCTGGTACCAACAGCACCCGGGCAAAGCGCCTAAGCTGATGATCTATGAGGTTTCTAATCGGCCCTCTGGCGTGAGTAACAGGTTCTCCGGGTCCAAAAGTGGCAACACCGCTTCCCTGACTATCTCCGGTCTGCAGGCTGAGGACGAGGCGGATTATTACTGTACCTCTTACACCTCCTCTAGCACACTGGTCTTTGGCGGTGGCACTAAGCTCACCGTGCTG,QSALTQPASVSGSPGQSITISCTGTSSDVGGYNYVSWYQQHPGKAPKLMIYEVSNRPSGVSNRFSGSKSGNTASLTISGLQAEDEADYYCTSYTSSSTLVFGGGTKLTVL,,,,E,No expression,,,,,No expression,,,,,,87.213486,87.213486,78.10725,78.10725,4.6028376,4.6028376,0.663025652
31,SimpleFitness,E,FGFR1.YSD.1C2-DF.E_3.hIgG1,DEADYYCTSYTSSSTLVFGGGTKLTVLGTTAASGSSGGSSSGAEVQLVESGGGVVQPGRSLRLSCAASGFTFSRYGMHWVRQAPGKGLEWVAVISYDGRNEYYADSVKGRFTISRDNSKNTLYLQMNSLRAEDTAVYYCARGFWDDAGWSFDYWGQGTLVTVSS,,GAGGTGCAACTGGTGGAGAGCGGGGGTGGGGTCGTGCAGCCGGGTCGCTCCCTGCGCCTGTCCTGCGCTGCATCCGGCTTCACGTTCTCTCGCTATGGTATGCATTGGGTGAGACAGGCCCCCGGCAAAGGGCTGGAATGGGTCGCTGTGATCTCTTATGACGGACGCAATGAGTATTACGCTGACAGCGTCAAGGGGAGATTCACAATCTCTCGTGACAATAGCAAAAACACCCTTTATCTGCAGATGAACAGCCTGCGGGCCGAAGACACCGCTGTCTACTATTGTGCCCGCGGATTCTGGGACGATGCCGGTTGGAGCTTCGATTACTGGGGCCAGGGGACTCTGGTTACTGTCTCATCT,EVQLVESGGGVVQPGRSLRLSCAASGFTFSRYGMHWVRQAPGKGLEWVAVISYDGRNEYYADSVKGRFTISRDNSKNTLYLQMNSLRAEDTAVYYCARGFWDDAGWSFDYWGQGTLVTVSS,CAGTCAGCGCTGACTCAGCCAGCAAGTGTGAGCGGCTCACCAGGGCAGAGCATTACTATCTCCTGCACCGGCACATCCTCTGACGTTGGAGGCTACAATTACGTAAGCTGGTACCAACAGCATCCTGGCAAAGCCCCGAAACTGATGATCTACGAGGTGTCCAACCGCCCATCTGGCGTATCAAACCGTTTTAGTGGCTCTAAGAGTGGCAACACTGCAAGTCTGACAATTTCTGGTCTGCAGGCCGAAGACGAGGCTGACTACTATTGTACGTCATACACTAGCTCCTCTACCTTGGTGTTTGGAGGGGGCACCAAGCTGACCGTCCTG,QSALTQPASVSGSPGQSITISCTGTSSDVGGYNYVSWYQQHPGKAPKLMIYEVSNRPSGVSNRFSGSKSGNTASLTISGLQAEDEADYYCTSYTSSSTLVFGGGTKLTVL,,,,E,,147000,0.000741,5.04E-09,1.317460317,,243000,0.00171,7.02E-09,3.447293447,2.131119968,85.799774,85.799774,44.797596,44.797596,25.796268,25.796268,1.41155688
32,SimpleFitness,E,FGFR1.YSD.1C2-DF.E_4.hIgG1,DEADYYCTSYTSSSTLVFGGGTKLTVLGTTAASGSSGGSSSGAEVQLVESGGGLVQPGGSLRLSCAASGFTFARYGMHWVRQAPGKGLEWVAVISYDGNNKYYADSVKGRFTISRDNSKNTLYLQMNSLRAEDTAVYYCARGFWDDAGWSFDYWGQGTLVTVSS,,GAAGTCCAATTGGTAGAATCCGGCGGGGGCCTGGTGCAGCCCGGTGGGAGCCTGAGACTGAGTTGTGCGGCTAGCGGATTTACCTTCGCTCGTTACGGCATGCATTGGGTGAGGCAGGCTCCTGGCAAAGGTCTCGAATGGGTAGCCGTCATTTCTTATGATGGCAACAATAAGTATTACGCCGACAGCGTGAAGGGCCGGTTCACCATTAGTAGAGACAACAGTAAGAACACCTTGTATCTGCAGATGAACTCCCTGAGGGCGGAGGACACCGCGGTGTACTATTGTGCTAGAGGCTTCTGGGATGACGCAGGATGGAGCTTTGATTACTGGGGGCAGGGTACCCTCGTCACCGTGAGCTCC,EVQLVESGGGLVQPGGSLRLSCAASGFTFARYGMHWVRQAPGKGLEWVAVISYDGNNKYYADSVKGRFTISRDNSKNTLYLQMNSLRAEDTAVYYCARGFWDDAGWSFDYWGQGTLVTVSS,CAGTCCGCCTTGACTCAACCTGCTTCAGTCAGCGGTAGCCCAGGACAGAGCATCACGATTAGCTGCACTGGAACGAGCTCCGATGTGGGCGGATATAACTACGTGTCTTGGTACCAACAGCACCCAGGCAAAGCACCGAAGCTGATGATTTACGAAGTTAGCAACAGACCTAGCGGGGTGTCCAACCGCTTCTCAGGCAGCAAATCTGGAAACACCGCTTCTCTGACAATCAGCGGCCTGCAAGCCGAGGATGAAGCCGATTACTATTGTACGTCATACACCAGCTCCTCTACCCTTGTGTTCGGCGGAGGCACCAAACTCACCGTTTTG,QSALTQPASVSGSPGQSITISCTGTSSDVGGYNYVSWYQQHPGKAPKLMIYEVSNRPSGVSNRFSGSKSGNTASLTISGLQAEDEADYYCTSYTSSSTLVFGGGTKLTVL,,,,E,,105000,0.00055,5.25E-09,1.264761905,,200000,0.00134,6.69E-09,3.617339312,2.138942019,84.21724,84.21724,78.94524,78.94524,,,
33,SimpleFitness,E,FGFR1.YSD.1C2-DF.E_5.hIgG1,DEADYYCSSYTISSTLVFGGGTKLTVLGTTAASGSSGGSSSGAEVQLLESGGGLVQPGGSLRLSCAASGFSFSRYGMHWVRQAPGKGLEWVAVISYDGSNKYYADSVKGRFTISRDNSKNTLYLQMNSLRAEDTAVYYCARGFWDDAGWSFDYWGQGTLVTVSS,,GAGGTACAGCTCCTTGAGTCTGGCGGTGGCCTCGTCCAGCCGGGTGGCAGCCTCCGTCTGAGTTGTGCCGCAAGTGGCTTTTCCTTTAGCCGCTATGGCATGCATTGGGTGCGGCAGGCCCCCGGTAAGGGCCTTGAGTGGGTCGCCGTGATCAGCTATGATGGGTCTAACAAGTATTACGCTGACAGCGTCAAGGGCAGATTCACCATTTCTCGCGACAACTCAAAGAACACACTGTACCTTCAAATGAACTCTCTTCGGGCCGAGGACACTGCAGTTTATTACTGCGCTAGAGGCTTCTGGGACGATGCTGGCTGGTCTTTCGACTATTGGGGCCAGGGCACTCTGGTTACTGTGTCTAGT,EVQLLESGGGLVQPGGSLRLSCAASGFSFSRYGMHWVRQAPGKGLEWVAVISYDGSNKYYADSVKGRFTISRDNSKNTLYLQMNSLRAEDTAVYYCARGFWDDAGWSFDYWGQGTLVTVSS,CAAAGCGCCCTGACCCAGCCTGCTTCCGTGAGCGGTAGCCCCGGTCAGAGCATTACCATCAGTTGCACAGGTACGAGTTCCGATGTGGGTGGATACAACTACGTGTCCTGGTACCAACAGCACCCCGGCAAAGCTCCAAAGCTGATGATCTACGAGGTCAGTAATCGTCCGAGTGGCGTCAGCAACCGTTTTTCCGGATCTAAGTCTGGAAATACTGCCTCCCTGACCATCTCCGGGTTGCAGGCTGAGGATGAGGCCGATTACTATTGTTCTAGCTACACCATTTCTTCCACACTGGTCTTTGGGGGAGGCACAAAACTGACAGTCCTG,QSALTQPASVSGSPGQSITISCTGTSSDVGGYNYVSWYQQHPGKAPKLMIYEVSNRPSGVSNRFSGSKSGNTASLTISGLQAEDEADYYCSSYTISSTLVFGGGTKLTVL,,,,E,,124000,0.000986,7.95E-09,0.835220126,,65200,0.0025,3.84E-08,0.630208333,0.725508569,83.00664,83.00664,21.361866,21.361866,44.923176,44.923176,1.652470453
34,SimpleFitness,E,FGFR1.YSD.1C2-DF.E_6.hIgG1,DEADYYCSSYTSSTTLVFGGGTKLTVLGTTAASGSSGGSSSGAEVQLLESGGGLVQPGGSLRLSCAASGFTFSRYGMHWVRQAPGKGLEWVAVISYDGNNKYYSDSVKGRFTISRDNSKNTLYLQMNSLRAEDTAVYYCARGFWDDAGWSFDYWGQGTLVTVSS,,GAAGTCCAGCTGCTCGAATCTGGGGGCGGTCTGGTGCAGCCCGGCGGAAGTCTGCGCCTGTCCTGCGCCGCTTCCGGTTTTACATTCAGCCGCTATGGTATGCACTGGGTTCGCCAGGCTCCCGGGAAAGGGCTGGAGTGGGTGGCCGTGATCTCTTACGATGGTAATAACAAATATTACTCCGACTCCGTGAAGGGCAGATTCACCATCTCACGTGACAACAGCAAAAACACACTGTATCTCCAAATGAATTCCCTCAGAGCTGAAGACACAGCCGTCTATTACTGCGCTAGAGGATTCTGGGATGACGCTGGTTGGTCTTTCGACTATTGGGGTCAGGGCACCCTTGTGACCGTGTCTTCT,EVQLLESGGGLVQPGGSLRLSCAASGFTFSRYGMHWVRQAPGKGLEWVAVISYDGNNKYYSDSVKGRFTISRDNSKNTLYLQMNSLRAEDTAVYYCARGFWDDAGWSFDYWGQGTLVTVSS,CAGTCCGCTCTCACCCAACCGGCCTCTGTTAGCGGTAGCCCGGGCCAGAGCATCACAATCTCCTGTACCGGCACCTCTAGCGATGTCGGCGGATACAACTACGTGAGCTGGTACCAACAGCATCCCGGAAAGGCCCCCAAACTTATGATCTATGAGGTGTCTAACAGACCGTCTGGAGTGTCCAACCGCTTTTCCGGTTCCAAGTCCGGGAACACTGCCAGCCTGACCATTTCCGGACTCCAGGCCGAAGACGAAGCAGATTATTACTGTAGCTCCTACACTTCATCTACCACGCTGGTGTTTGGGGGAGGTACTAAGCTGACTGTGTTG,QSALTQPASVSGSPGQSITISCTGTSSDVGGYNYVSWYQQHPGKAPKLMIYEVSNRPSGVSNRFSGSKSGNTASLTISGLQAEDEADYYCSSYTSSTTLVFGGGTKLTVL,,,,E,No expression,,,,,No expression,,,,,,82.90565,82.90565,18.984392,18.984392,54.002373,54.002373,1.732412844
35,SimpleFitness,E,FGFR1.YSD.1C2-DF.E_7.hIgG1,DEADYYCTSYTSSSTLVFGGGTKLTVLGTTAASGSSGGSSSGAEVQLVESGGGLVQPGGSLRLSCAASGFTFSRYWMHWVRQAPGKGLEWVAVISYDGNNKYYADSVKGRFTISRDNSKNTLYLQMNSLRAEDTAVYYCARGFWDDAGWSFDYWGQGTLVTVSS,,GAAGTCCAGCTGGTGGAATCCGGCGGAGGTCTGGTCCAGCCCGGTGGGTCCCTGCGGCTGAGCTGTGCGGCCTCCGGCTTCACCTTTAGCCGCTACTGGATGCATTGGGTGCGCCAGGCCCCAGGCAAGGGCCTGGAGTGGGTCGCCGTGATCTCTTATGATGGCAATAACAAGTATTACGCAGACTCCGTGAAGGGCCGGTTTACTATCTCCCGCGACAACTCAAAGAATACGCTGTACCTTCAGATGAACAGCCTTCGCGCTGAAGACACAGCCGTCTATTACTGCGCCCGCGGTTTCTGGGACGATGCTGGCTGGAGCTTTGACTACTGGGGTCAAGGTACTCTGGTAACAGTGTCCAGC,EVQLVESGGGLVQPGGSLRLSCAASGFTFSRYWMHWVRQAPGKGLEWVAVISYDGNNKYYADSVKGRFTISRDNSKNTLYLQMNSLRAEDTAVYYCARGFWDDAGWSFDYWGQGTLVTVSS,CAGTCCGCCCTGACCCAGCCAGCCTCTGTCTCAGGCTCTCCCGGGCAGTCAATCACGATCTCCTGCACCGGTACTTCCTCTGATGTCGGTGGGTACAACTATGTGTCCTGGTATCAACAGCACCCTGGAAAAGCTCCAAAGCTGATGATTTACGAAGTGAGCAACCGCCCTAGCGGCGTATCCAACCGCTTTAGCGGCTCCAAGTCAGGCAATACCGCTTCTCTGACCATCTCTGGCCTGCAGGCGGAGGATGAAGCCGATTATTACTGCACCAGCTACACTAGTTCTTCCACTCTCGTGTTTGGTGGGGGTACCAAACTGACCGTTCTG,QSALTQPASVSGSPGQSITISCTGTSSDVGGYNYVSWYQQHPGKAPKLMIYEVSNRPSGVSNRFSGSKSGNTASLTISGLQAEDEADYYCTSYTSSSTLVFGGGTKLTVL,,,,E,Binding Rejected,,,,,Binding Rejected,,,,,,82.78145,82.78145,69.33341,69.33341,,,
36,SimpleFitness,E,FGFR1.YSD.1C2-DF.E_8.hIgG1,DEADYYCTSYTSSSTLVFGGGTKLTVLGTTAASGSSGGSSSGAEVQLVESGGGLVQPGGSLRLSCAASGFTFSRDGMHWVRQAPGKGLEWVAVISYDGNNKYYADSVKGRFTISRDNSKNTLYLQMNSLRAEDTAVYYCARGFWDDAGWSFDYWGQGTLVTVSS,,GAGGTCCAGCTGGTCGAGTCCGGAGGTGGCCTGGTCCAGCCCGGCGGGAGCCTGCGTCTCTCCTGTGCGGCCAGCGGCTTCACTTTCTCTCGCGACGGGATGCATTGGGTTCGTCAGGCGCCTGGCAAGGGTCTCGAGTGGGTGGCCGTCATCTCTTATGATGGGAATAACAAGTATTACGCCGACTCCGTTAAAGGCCGCTTTACCATTAGCAGAGATAACTCCAAAAACACCCTCTACTTGCAAATGAATTCTCTGAGGGCCGAGGACACCGCTGTTTACTATTGCGCTAGGGGATTCTGGGATGACGCCGGCTGGTCTTTCGATTACTGGGGGCAGGGCACCCTGGTGACCGTGAGCTCT,EVQLVESGGGLVQPGGSLRLSCAASGFTFSRDGMHWVRQAPGKGLEWVAVISYDGNNKYYADSVKGRFTISRDNSKNTLYLQMNSLRAEDTAVYYCARGFWDDAGWSFDYWGQGTLVTVSS,CAATCCGCCCTGACCCAGCCCGCATCCGTCAGCGGCAGTCCCGGCCAGAGCATCACTATCTCTTGCACCGGCACTTCTAGCGACGTGGGAGGCTATAACTACGTGTCATGGTACCAACAGCATCCAGGCAAGGCCCCTAAACTGATGATTTACGAGGTCAGCAACCGCCCTAGCGGCGTGTCCAATCGTTTCTCCGGCTCTAAGAGCGGCAACACAGCGAGCCTCACGATCAGCGGGCTGCAGGCTGAGGACGAGGCCGACTACTATTGCACTTCCTACACCTCTTCCAGCACTCTCGTGTTCGGGGGCGGTACCAAGCTGACAGTGCTG,QSALTQPASVSGSPGQSITISCTGTSSDVGGYNYVSWYQQHPGKAPKLMIYEVSNRPSGVSNRFSGSKSGNTASLTISGLQAEDEADYYCTSYTSSSTLVFGGGTKLTVL,,,,E,,153000,0.00145,9.44E-09,0.703389831,,492000,0.0184,3.74E-08,0.647058824,0.674636641,80.29251,80.29251,71.32809,71.32809,18.669823,18.669823,1.271140201
37,SimpleFitness,E,FGFR1.YSD.1C2-DF.E_10.hIgG1,DEADYYCTSYTSSGTLVFGGGTKLTVLGTTAASGSSGGSSSGAEVQLVESGGGLVKPGGSLRLSCAASGFTFNNYGMHWVRQAPGKGLEWVAVISYDGSNKYYADSVKGRFTISRDNSKNTLYLQMNSLRAEDTAVYYCARGFWDDAGWSFDYWGQGTLVTVSS,,GAGGTGCAACTGGTAGAATCCGGTGGCGGTCTGGTGAAGCCCGGCGGTTCTCTGAGGCTGTCTTGTGCTGCCTCCGGTTTTACCTTCAATAACTATGGCATGCATTGGGTGAGGCAGGCGCCAGGCAAGGGACTTGAGTGGGTTGCAGTTATTTCCTACGACGGCAGTAACAAGTATTACGCCGACTCCGTTAAGGGACGTTTCACCATCTCCAGAGACAACTCCAAGAACACGCTCTATCTGCAGATGAACAGCCTCCGTGCGGAGGATACCGCTGTCTATTACTGCGCCCGCGGCTTTTGGGACGATGCGGGCTGGTCTTTCGATTACTGGGGGCAGGGCACCCTGGTGACAGTCTCCAGT,EVQLVESGGGLVKPGGSLRLSCAASGFTFNNYGMHWVRQAPGKGLEWVAVISYDGSNKYYADSVKGRFTISRDNSKNTLYLQMNSLRAEDTAVYYCARGFWDDAGWSFDYWGQGTLVTVSS,CAGTCTGCCCTGACGCAGCCCGCCTCTGTGTCCGGCAGCCCGGGCCAGTCCATCACCATTTCCTGCACTGGCACCAGCTCTGACGTCGGAGGCTATAATTACGTGTCCTGGTACCAACAGCACCCTGGCAAAGCTCCGAAGCTCATGATCTACGAGGTGTCCAACCGGCCTTCCGGCGTATCTAACCGCTTTTCTGGCTCTAAGTCCGGCAATACGGCTAGTCTGACAATCTCCGGCCTGCAGGCTGAAGACGAAGCTGATTATTACTGTACAAGCTACACAAGCTCCGGGACCTTGGTCTTTGGGGGCGGAACTAAGCTGACCGTCCTG,QSALTQPASVSGSPGQSITISCTGTSSDVGGYNYVSWYQQHPGKAPKLMIYEVSNRPSGVSNRFSGSKSGNTASLTISGLQAEDEADYYCTSYTSSGTLVFGGGTKLTVL,,,,E,,206000,0.000816,3.97E-09,1.672544081,,201000,0.0016,7.94E-09,3.047858942,2.257803896,79.86298,79.86298,13.193337,13.193337,8.755277,8.755277,0.942269891
38,SimpleFitness,E,FGFR1.YSD.1C2-DF.E_11.hIgG1,DEADYYCTSYTSSSTLVFGGGTKLTVLGTTAASGSSGGSSSGAEVQLLESGGGLVQPGGSLRLSCAASGFSFSRYGMHWVRQAPGKGLEWVAVISYDGSNKYYADSVKGRFTISRDNSKNTLYLQMNSLRAEDTAVYYCARGFWDDAGWSFDYWGQGTLVTVSS,,GAGGTCCAGCTTCTGGAAAGCGGCGGGGGTCTGGTACAGCCTGGCGGAAGCCTTAGACTGTCATGTGCTGCGAGCGGGTTCTCCTTCTCCCGCTACGGAATGCACTGGGTACGCCAGGCCCCTGGCAAGGGGCTTGAGTGGGTGGCTGTTATCAGTTACGATGGCTCTAATAAGTATTACGCCGACAGTGTGAAGGGAAGGTTTACCATCAGTAGGGACAACAGCAAAAACACCCTTTATCTCCAGATGAACAGTCTGAGGGCCGAAGACACCGCGGTGTATTACTGTGCCCGCGGGTTTTGGGATGACGCCGGGTGGTCTTTTGATTACTGGGGCCAGGGCACACTGGTAACTGTCTCTTCC,EVQLLESGGGLVQPGGSLRLSCAASGFSFSRYGMHWVRQAPGKGLEWVAVISYDGSNKYYADSVKGRFTISRDNSKNTLYLQMNSLRAEDTAVYYCARGFWDDAGWSFDYWGQGTLVTVSS,CAGTCCGCCCTGACCCAGCCGGCCAGCGTGAGCGGCTCCCCCGGTCAGAGCATCACCATCTCATGTACTGGAACCTCCAGCGACGTCGGTGGCTACAACTATGTTTCCTGGTACCAGCAACACCCCGGCAAGGCGCCCAAGTTGATGATCTACGAGGTGAGCAACAGACCGTCCGGTGTGTCCAACCGGTTCTCAGGCTCAAAATCTGGTAACACTGCTTCCCTGACTATTTCCGGCCTCCAAGCAGAAGATGAGGCCGACTATTACTGCACCAGCTACACTTCAAGCTCCACTCTCGTATTCGGAGGTGGCACCAAGCTCACTGTGCTC,QSALTQPASVSGSPGQSITISCTGTSSDVGGYNYVSWYQQHPGKAPKLMIYEVSNRPSGVSNRFSGSKSGNTASLTISGLQAEDEADYYCTSYTSSSTLVFGGGTKLTVL,,,,E,,97900,0.000495,5.06E-09,1.312252964,,117000,0.00126,1.08E-08,2.240740741,1.714764905,79.80124,79.80124,0.23457819,0.23457819,,,
39,SimpleFitness,E,FGFR1.YSD.1C2-DF.E_12.hIgG1,DEADYYCTSYTSSSTLVFGGGTKLTVLGTTAASGSSGGSSSGAEVQLVESGGGFVQPGGSLRLSCAASGFTFSRYGMHWVRQAPGKGLEWVAVISYDGNNKYYADSVKGRFTISRDNSKNTLYLQMNSLRAEDTAVYYCARGFWDDAGWSFDYWGQGTLVTVSS,,GAGGTCCAGCTCGTGGAGAGCGGTGGGGGTTTCGTTCAGCCTGGCGGTTCCCTGCGCCTGTCCTGCGCTGCCTCCGGCTTCACCTTTAGCCGTTATGGAATGCATTGGGTCAGACAGGCCCCAGGCAAGGGCCTGGAGTGGGTGGCTGTGATCTCCTACGACGGCAATAACAAGTATTACGCTGATTCTGTTAAGGGAAGGTTCACCATCTCCAGAGACAACAGTAAAAATACCTTGTACTTGCAAATGAACTCTCTGCGTGCGGAAGATACAGCGGTCTATTACTGTGCCCGTGGCTTTTGGGATGACGCCGGCTGGTCTTTCGACTACTGGGGGCAAGGAACTCTGGTGACCGTGTCCTCT,EVQLVESGGGFVQPGGSLRLSCAASGFTFSRYGMHWVRQAPGKGLEWVAVISYDGNNKYYADSVKGRFTISRDNSKNTLYLQMNSLRAEDTAVYYCARGFWDDAGWSFDYWGQGTLVTVSS,CAGAGCGCGTTGACCCAGCCAGCATCCGTGAGCGGAAGCCCTGGCCAAAGCATTACAATCTCATGTACAGGAACCTCCTCTGACGTGGGCGGTTATAACTATGTGTCCTGGTACCAACAGCACCCTGGCAAGGCTCCGAAGCTGATGATCTACGAGGTGAGCAACAGACCCAGCGGCGTGAGCAATCGCTTCTCAGGCAGTAAGTCCGGCAACACTGCCAGCCTGACGATCAGCGGCCTGCAGGCCGAAGACGAGGCCGACTACTATTGTACGTCTTATACCTCTTCATCCACCCTGGTATTCGGCGGTGGCACTAAGCTCACCGTCCTG,QSALTQPASVSGSPGQSITISCTGTSSDVGGYNYVSWYQQHPGKAPKLMIYEVSNRPSGVSNRFSGSKSGNTASLTISGLQAEDEADYYCTSYTSSSTLVFGGGTKLTVL,,,,E,,109000,0.000454,4.16E-09,1.596153846,,77600,0.00113,1.46E-08,1.657534247,1.626554537,78.60908,78.60908,0.36732906,0.36732906,,,
40,SimpleFitness,E,FGFR1.YSD.1C2-DF.E_13.hIgG1,DEADYYCTSYTSSSTLVFGGGTKLTVLGTTAASGSSGGSSSGAEVQLLESGGGLVQPGGSLRLSCAASGFSFSRYGMHWVRQAPGKVLEWVAVISYDGSNKYYADSVKGRFTISRDNSKNTLYLQMNSLRAEDTAVYYCARGFWDDAGWSFDYWGQGTLVTVSS,,GAGGTGCAGCTCTTGGAGAGCGGGGGTGGCCTGGTCCAGCCCGGCGGGTCCCTGCGTCTGTCCTGCGCGGCCTCTGGCTTTAGCTTCAGTCGCTACGGCATGCATTGGGTGCGGCAGGCTCCTGGCAAAGTGCTGGAGTGGGTAGCAGTGATCTCCTACGACGGCTCCAACAAATACTATGCAGACAGTGTCAAGGGGCGTTTCACCATTTCCAGGGACAACTCTAAAAACACCCTTTACCTGCAAATGAACTCCCTGCGCGCGGAAGATACCGCAGTTTATTACTGCGCTCGCGGGTTCTGGGATGACGCGGGTTGGAGCTTCGATTATTGGGGTCAGGGTACCTTGGTTACTGTTTCTAGC,EVQLLESGGGLVQPGGSLRLSCAASGFSFSRYGMHWVRQAPGKVLEWVAVISYDGSNKYYADSVKGRFTISRDNSKNTLYLQMNSLRAEDTAVYYCARGFWDDAGWSFDYWGQGTLVTVSS,CAGAGTGCCCTGACACAGCCCGCTTCCGTTTCTGGATCCCCGGGACAGAGCATCACCATCAGCTGCACGGGAACAAGCTCCGACGTGGGAGGTTACAACTACGTTTCTTGGTATCAACAGCACCCCGGCAAGGCCCCAAAGCTGATGATCTATGAGGTAAGTAATAGACCCTCCGGTGTGAGCAACAGGTTCAGTGGCTCTAAGAGCGGCAACACGGCGTCCCTGACTATTTCTGGCCTGCAAGCCGAGGACGAGGCCGACTATTACTGTACATCCTACACCTCCTCAAGCACTCTGGTTTTCGGAGGCGGAACCAAACTGACCGTGCTT,QSALTQPASVSGSPGQSITISCTGTSSDVGGYNYVSWYQQHPGKAPKLMIYEVSNRPSGVSNRFSGSKSGNTASLTISGLQAEDEADYYCTSYTSSSTLVFGGGTKLTVL,,,,E,No expression,,,,,No expression,,,,,,77.74028,77.74028,32.622883,32.622883,,,
41,SimpleFitness,E,FGFR1.YSD.1C2-DF.E_14.hIgG1,DEADYYCTSYTSSSTLVFGGGTKLTVLGTTAASGSSGGSSSGAEVQLLESGGGLVQPGGSLRLSCAASGFTFTRYGMHWVRQAPGKGLEWVAVISYDGSNKYYADSVKGRFTISRDNSKNTLYLQMNSLRAEDTAVYYCARGFWDDAGWSFDYWGQGTLVTVSS,,GAGGTCCAGTTGCTGGAGTCTGGTGGCGGACTCGTCCAACCCGGAGGCTCTCTGCGCCTGTCCTGTGCTGCCAGCGGCTTTACCTTTACTAGGTACGGTATGCACTGGGTCAGGCAGGCCCCGGGCAAGGGTCTGGAGTGGGTCGCTGTGATCTCCTACGACGGTTCCAACAAGTACTATGCCGATTCCGTGAAGGGGCGGTTCACCATCTCCAGAGATAACTCTAAGAATACTCTGTATTTGCAGATGAACTCTCTGCGCGCTGAGGATACGGCTGTGTATTACTGCGCGAGAGGTTTCTGGGACGATGCTGGCTGGTCCTTCGACTACTGGGGACAGGGCACTTTGGTCACCGTGTCTTCC,EVQLLESGGGLVQPGGSLRLSCAASGFTFTRYGMHWVRQAPGKGLEWVAVISYDGSNKYYADSVKGRFTISRDNSKNTLYLQMNSLRAEDTAVYYCARGFWDDAGWSFDYWGQGTLVTVSS,CAATCTGCACTCACCCAGCCGGCCAGCGTTAGTGGAAGCCCAGGGCAGTCCATTACCATTTCTTGCACTGGCACATCTTCCGACGTGGGCGGTTACAACTACGTGAGTTGGTACCAACAGCACCCAGGCAAGGCACCCAAACTGATGATCTATGAAGTCTCCAACCGCCCCAGCGGGGTGAGCAACAGGTTCTCTGGAAGTAAGAGTGGCAATACTGCAAGCCTTACAATCTCCGGCTTGCAGGCTGAGGACGAGGCCGATTATTACTGCACCAGCTATACTTCTTCATCTACACTGGTGTTCGGAGGCGGTACCAAGCTGACCGTGCTG,QSALTQPASVSGSPGQSITISCTGTSSDVGGYNYVSWYQQHPGKAPKLMIYEVSNRPSGVSNRFSGSKSGNTASLTISGLQAEDEADYYCTSYTSSSTLVFGGGTKLTVL,,,,E,No expression,,,,,No expression,,,,,,73.19789,73.19789,39.24968,39.24968,43.298084,43.298084,1.636468679
42,SimpleFitness,E,FGFR1.YSD.1C2-DF.E_15.hIgG1,DEADYYCTSYTSSSTLVFGGGTKLTVLGTTAASGSSGGSSSGAEVQLLESGGGLVQPGGSLRLSCAASGFTFSRYGMHWVRQAPGKGLEWVAVVSYDGNNKYYADSVKGRFTISRDNSKNTLYLQMNSLRAEDTAVYYCARGFWDDAGWSFDYWGQGTLVTVSS,,GAGGTGCAGCTCCTGGAAAGTGGGGGAGGCCTGGTACAGCCTGGTGGCAGCTTGCGCCTGTCCTGTGCGGCCTCCGGGTTTACATTCTCTCGCTATGGCATGCATTGGGTGCGCCAGGCACCTGGAAAGGGCCTGGAATGGGTGGCAGTTGTGTCCTACGACGGCAACAATAAGTATTACGCCGATTCCGTGAAGGGTCGCTTCACCATCTCCCGCGATAATAGCAAAAATACACTGTACCTGCAGATGAACTCCCTCCGCGCGGAAGATACCGCTGTTTACTATTGTGCTCGCGGCTTTTGGGACGATGCTGGTTGGAGCTTCGACTACTGGGGGCAGGGCACCTTGGTTACAGTTAGCTCT,EVQLLESGGGLVQPGGSLRLSCAASGFTFSRYGMHWVRQAPGKGLEWVAVVSYDGNNKYYADSVKGRFTISRDNSKNTLYLQMNSLRAEDTAVYYCARGFWDDAGWSFDYWGQGTLVTVSS,CAAAGCGCTCTTACACAACCCGCATCAGTGAGTGGGTCCCCAGGACAGAGTATCACAATCTCTTGTACCGGCACTTCTAGCGACGTTGGGGGCTATAACTACGTGTCTTGGTATCAACAGCACCCGGGCAAGGCCCCTAAGTTGATGATTTACGAAGTGAGTAACCGGCCGAGTGGGGTGAGCAACCGCTTTTCCGGTAGTAAGTCCGGGAACACTGCCTCTCTGACTATCAGCGGCCTTCAGGCTGAGGACGAGGCCGATTATTACTGCACCAGTTATACCAGCTCCTCTACTCTCGTCTTCGGAGGCGGAACCAAGCTGACCGTGCTG,QSALTQPASVSGSPGQSITISCTGTSSDVGGYNYVSWYQQHPGKAPKLMIYEVSNRPSGVSNRFSGSKSGNTASLTISGLQAEDEADYYCTSYTSSSTLVFGGGTKLTVL,,,,E,,116000,0.000617,5.31E-09,1.25047081,,162000,0.00172,1.06E-08,2.283018868,1.689629679,72.68297,72.68297,36.586235,36.586235,2.0124846,2.0124846,0.303732566
43,SimpleFitness,E,FGFR1.YSD.1C2-DF.E_16.hIgG1,DEADYYCTSYTSSSTLVFGGGTKLTVLGTTAASGSSGGSSSGAEVQLVESGGGLVQPGGALRLSCAASGFTFSRYGMHWVRQAPGKGLEWVAVISYDGNNKYYADSVKGRFTISRDNSKNTLYLQMNSLRAEDTAVYYCARGFWDDAGWSFDYWGQGTLVTVSS,,GAGGTCCAGCTGGTTGAGAGCGGCGGAGGGCTGGTGCAGCCTGGGGGAGCTCTGAGGCTGTCCTGTGCAGCGTCTGGATTCACCTTTAGCCGGTATGGGATGCACTGGGTGCGTCAGGCCCCAGGCAAGGGGCTGGAGTGGGTGGCTGTCATTTCCTACGATGGTAACAATAAGTACTATGCTGACTCCGTCAAGGGCCGGTTCACCATCTCTCGCGATAATTCAAAGAACACCCTGTATCTTCAGATGAACTCTCTGCGCGCGGAGGACACAGCTGTGTATTACTGCGCCCGGGGCTTTTGGGATGACGCCGGGTGGAGCTTCGACTACTGGGGCCAGGGCACCCTGGTTACCGTGAGCAGT,EVQLVESGGGLVQPGGALRLSCAASGFTFSRYGMHWVRQAPGKGLEWVAVISYDGNNKYYADSVKGRFTISRDNSKNTLYLQMNSLRAEDTAVYYCARGFWDDAGWSFDYWGQGTLVTVSS,CAAAGCGCCCTCACGCAGCCTGCCTCAGTCTCTGGCAGCCCTGGGCAATCCATTACAATTTCTTGTACAGGGACCAGTAGCGATGTGGGCGGATACAACTACGTCTCCTGGTATCAACAGCACCCCGGCAAAGCCCCTAAGCTGATGATCTACGAAGTCTCAAACCGCCCATCCGGTGTCTCCAACCGCTTTTCCGGCTCCAAGAGCGGAAACACAGCCTCTCTGACAATCTCAGGCCTGCAAGCCGAAGACGAGGCCGATTATTACTGCACCTCTTACACCTCCTCAAGCACCCTGGTGTTCGGCGGGGGTACAAAGTTGACCGTCCTT,QSALTQPASVSGSPGQSITISCTGTSSDVGGYNYVSWYQQHPGKAPKLMIYEVSNRPSGVSNRFSGSKSGNTASLTISGLQAEDEADYYCTSYTSSSTLVFGGGTKLTVL,,,,E,,112000,0.000447,3.98E-09,1.668341709,,154000,0.00114,7.37E-09,3.28358209,2.340542022,71.87336,71.87336,53.2702,53.2702,,,
44,SimpleFitness,F,FGFR1.YSD.1C2-DF.F_1.hIgG1,DEADYYCTSYTSSSTLVFGGGTKLTVLGTTAASGSSGGSSSGAEVQLLESGGGLVQPGGSLRLSCAASGFTFSRYGMHWVRQAPGKGLEWVAVISYDGNNKYYADSVKGRFTISRDNSKNTLYLQMNSLRAEDTAVYYCARGFWDDAGWSFDYWGQGTLVTVSS,,GAGGTTCAGCTCCTGGAATCCGGCGGTGGCCTCGTCCAGCCCGGGGGCAGTCTCCGCCTGAGCTGCGCTGCGTCTGGCTTTACCTTCTCCAGGTACGGCATGCATTGGGTAAGACAGGCCCCCGGAAAGGGCCTGGAGTGGGTCGCCGTCATCTCCTATGACGGTAATAACAAATACTATGCTGACAGCGTCAAGGGTCGCTTTACCATTAGTCGGGATAACTCAAAGAACACCCTCTACCTGCAGATGAACAGTCTGCGCGCCGAGGATACTGCCGTGTATTACTGCGCCCGCGGTTTCTGGGATGACGCCGGTTGGAGTTTCGACTACTGGGGACAGGGTACTCTGGTGACTGTCAGCAGC,EVQLLESGGGLVQPGGSLRLSCAASGFTFSRYGMHWVRQAPGKGLEWVAVISYDGNNKYYADSVKGRFTISRDNSKNTLYLQMNSLRAEDTAVYYCARGFWDDAGWSFDYWGQGTLVTVSS,CAGTCCGCTCTGACCCAGCCTGCATCAGTGTCTGGATCCCCAGGTCAGAGCATCACTATTAGTTGCACAGGCACATCCAGCGATGTGGGTGGCTACAACTATGTGTCTTGGTACCAACAGCACCCAGGCAAGGCTCCCAAGCTCATGATCTATGAGGTGAGTAACCGCCCCAGCGGGGTCTCCAATCGCTTTTCCGGCAGCAAATCCGGTAACACCGCTAGCCTGACCATCAGCGGCCTTCAGGCCGAGGACGAAGCTGATTATTACTGCACCAGCTATACTTCTAGCTCCACCCTGGTCTTCGGAGGCGGGACAAAGTTGACCGTGTTG,QSALTQPASVSGSPGQSITISCTGTSSDVGGYNYVSWYQQHPGKAPKLMIYEVSNRPSGVSNRFSGSKSGNTASLTISGLQAEDEADYYCTSYTSSSTLVFGGGTKLTVL,,,,F,No expression,,,,,No expression,,,,,,16.10575,16.10575,156.35406,156.35406,5.670228,5.670228,0.753600522
45,SimpleFitness,F,FGFR1.YSD.1C2-DF.F_3.hIgG1,DEADYYCTSYTSSRTLVFGGGTKLTVLGTTAASGSSGGSSSGAEVQLVESGGGLVQPGGSLRLSCAASGFTFSSYAMHWVRQAPGKGLEWVAVISFDGSSRYYADSVKGRFTISRDNSKNTLYLQMNSLRAEDTAVYYCARGFWDDAGWSFDYWGQGTLVTVSS,,GAAGTGCAGCTCGTGGAGTCCGGTGGCGGACTGGTCCAACCTGGAGGTTCTCTTAGACTTTCTTGTGCAGCCTCCGGTTTTACCTTCTCCAGCTATGCTATGCACTGGGTTAGACAGGCTCCAGGCAAGGGCCTGGAATGGGTGGCCGTGATCTCCTTTGATGGCTCCAGCCGCTACTATGCGGACTCTGTGAAGGGGAGGTTCACCATCTCCAGAGATAATTCCAAAAACACACTGTACCTCCAAATGAACTCCCTCAGAGCTGAGGACACCGCCGTGTACTATTGTGCCCGGGGTTTCTGGGATGACGCGGGCTGGAGCTTCGATTATTGGGGCCAGGGCACACTGGTCACTGTGTCCAGT,EVQLVESGGGLVQPGGSLRLSCAASGFTFSSYAMHWVRQAPGKGLEWVAVISFDGSSRYYADSVKGRFTISRDNSKNTLYLQMNSLRAEDTAVYYCARGFWDDAGWSFDYWGQGTLVTVSS,CAGTCAGCTCTGACCCAACCGGCCTCCGTGAGCGGGTCCCCCGGCCAGTCAATCACCATCAGCTGCACAGGAACCAGCTCTGATGTCGGGGGCTATAATTATGTTAGTTGGTACCAACAGCATCCCGGCAAGGCTCCGAAGCTCATGATCTACGAGGTGAGCAACAGACCTTCAGGCGTCTCCAACCGTTTCTCCGGGAGCAAATCCGGCAACACAGCATCTCTTACCATCTCCGGATTGCAGGCTGAGGATGAAGCCGACTATTACTGCACTTCATACACTAGTAGCAGGACATTGGTGTTTGGGGGAGGCACCAAGCTGACCGTGCTG,QSALTQPASVSGSPGQSITISCTGTSSDVGGYNYVSWYQQHPGKAPKLMIYEVSNRPSGVSNRFSGSKSGNTASLTISGLQAEDEADYYCTSYTSSRTLVFGGGTKLTVL,,,,F,,461000,0.000825,1.79E-09,3.709497207,,303000,0.000898,2.96E-09,8.175675676,5.507054211,43.334755,43.334755,74.918655,74.918655,21.11992,21.11992,1.324692269
46,SimpleFitness,F,FGFR1.YSD.1C2-DF.F_4.hIgG1,DEADYYCTSYTSSSTLVFGGGTKLTVLGTTAASGSSGGSSSGAEVQLVESGGGLVQPGGSLRLSCAASGFTFSSYGMHWVRQAPGKGLEWVAVISYDGNNKYYADSVKGRFTISRDNSKNTLYLQMNSLRAEDTAVYYCARGFWDDAGWSFDYWGQGTLVTVSS,,GAAGTCCAGCTGGTGGAGTCCGGGGGCGGATTGGTGCAGCCGGGTGGATCCCTCCGTCTGAGTTGTGCCGCATCCGGCTTCACATTTTCTAGCTACGGCATGCACTGGGTGAGGCAGGCTCCCGGTAAGGGCCTGGAATGGGTGGCCGTGATCAGCTACGATGGTAACAATAAGTATTACGCTGATTCCGTCAAAGGCCGCTTCACCATCAGCCGCGACAACAGCAAGAACACCCTGTATTTGCAGATGAACAGTCTGAGAGCCGAAGATACCGCCGTCTATTACTGTGCGCGCGGCTTCTGGGATGACGCGGGCTGGTCTTTCGACTATTGGGGACAGGGCACCCTGGTGACGGTGAGCAGC,EVQLVESGGGLVQPGGSLRLSCAASGFTFSSYGMHWVRQAPGKGLEWVAVISYDGNNKYYADSVKGRFTISRDNSKNTLYLQMNSLRAEDTAVYYCARGFWDDAGWSFDYWGQGTLVTVSS,CAAAGTGCCCTGACTCAACCAGCCAGCGTTAGCGGATCCCCTGGTCAGTCTATCACGATCTCCTGTACCGGTACCAGCTCCGACGTGGGCGGATATAACTACGTGAGCTGGTACCAACAGCACCCGGGAAAGGCCCCCAAGCTGATGATCTATGAAGTGTCCAACCGTCCAAGCGGTGTGTCCAACCGCTTCTCCGGCTCCAAGTCTGGCAACACCGCCAGCCTGACCATCTCTGGGTTGCAGGCCGAGGACGAGGCCGATTATTACTGTACCAGCTATACGTCTTCCAGCACACTGGTGTTCGGAGGCGGTACCAAGCTCACTGTGCTG,QSALTQPASVSGSPGQSITISCTGTSSDVGGYNYVSWYQQHPGKAPKLMIYEVSNRPSGVSNRFSGSKSGNTASLTISGLQAEDEADYYCTSYTSSSTLVFGGGTKLTVL,,,,F,,162000,0.000414,2.56E-09,2.59375,,160000,0.000631,3.95E-09,6.126582278,3.986329488,29.68651,29.68651,67.02708,67.02708,6.8795767,6.8795767,0.837561717
47,SimpleFitness,F,FGFR1.YSD.1C2-DF.F_6.hIgG1,DEADYYCTSYASSRTLVFGGGTKLTVLGTTAASGSSGGSSSGAEVQLLESGGGLVQPGGSLRLSCAASGFTFSSYGMHWVRQAPGKGLEWVAVISYDGSDKYYADSVKGRFTISRDNSKNTLYLQMNSLRAEDTAVYYCARGFWDDAGWSFDYWGQGTLVTVSS,,GAGGTTCAGTTGCTGGAGAGCGGTGGAGGCCTGGTGCAGCCTGGGGGCTCACTGCGCCTGTCCTGTGCGGCAAGCGGGTTCACTTTCTCCAGCTACGGGATGCATTGGGTTCGCCAGGCTCCGGGAAAGGGCTTGGAGTGGGTTGCCGTAATTTCCTACGACGGCTCCGATAAATATTACGCCGACTCCGTCAAGGGCCGTTTTACCATCTCTAGAGATAACTCCAAAAACACTCTGTACCTGCAGATGAATAGCCTGAGAGCGGAGGACACTGCCGTCTATTACTGTGCCCGCGGATTTTGGGATGACGCTGGCTGGAGCTTCGATTACTGGGGCCAGGGCACCCTCGTCACCGTCTCCTCT,EVQLLESGGGLVQPGGSLRLSCAASGFTFSSYGMHWVRQAPGKGLEWVAVISYDGSDKYYADSVKGRFTISRDNSKNTLYLQMNSLRAEDTAVYYCARGFWDDAGWSFDYWGQGTLVTVSS,CAGTCAGCCCTGACCCAGCCTGCTTCCGTGTCTGGTAGCCCAGGCCAGAGCATCACCATTTCCTGCACTGGAACCAGTTCAGACGTGGGTGGCTATAACTACGTGAGCTGGTACCAACAGCATCCCGGCAAGGCCCCCAAGCTCATGATCTACGAGGTGTCCAACAGGCCCTCCGGGGTGTCTAACAGGTTCAGTGGATCTAAAAGCGGTAACACCGCCTCCTTGACGATCTCCGGTCTTCAGGCCGAGGACGAGGCAGATTATTACTGTACCTCCTATGCTAGCAGTCGCACCCTGGTCTTCGGCGGAGGGACCAAGCTGACGGTGCTT,QSALTQPASVSGSPGQSITISCTGTSSDVGGYNYVSWYQQHPGKAPKLMIYEVSNRPSGVSNRFSGSKSGNTASLTISGLQAEDEADYYCTSYASSRTLVFGGGTKLTVL,,,,F,,128000,0.000167,1.31E-09,5.06870229,,103000,0.000234,2.28E-09,10.61403509,7.334806335,42.107086,42.107086,60.720318,60.720318,74.97426,74.97426,1.874912188
48,SimpleFitness,F,FGFR1.YSD.1C2-DF.F_7.hIgG1,DEADYYCTSYTSSSTLVFGGGTKLTVLGTTAASGSSGGSSSGAEVQLVESGGGLVQPGGSLRLSCAASGFTFSRYGLHWVRQAPGKGLEWVAVISYDGNNKYYADSVKGRFTISRDNSKNTLYLQMNSLRAEDTAVYYCARGFWDDAGWSFDYWGQGTLVTVSS,,GAGGTACAACTGGTTGAGTCTGGTGGCGGGCTGGTTCAGCCCGGAGGGAGTTTGAGGCTGTCCTGCGCCGCTAGTGGATTTACCTTCAGCAGATACGGCCTGCACTGGGTCAGGCAGGCTCCTGGGAAAGGTCTCGAGTGGGTCGCTGTGATTAGCTATGACGGCAATAACAAGTATTACGCGGATAGCGTGAAGGGGAGGTTCACCATTTCCAGGGACAACTCAAAGAACACACTGTATCTGCAGATGAACTCCCTGCGCGCTGAGGACACAGCCGTGTATTACTGCGCGCGCGGCTTTTGGGATGACGCCGGGTGGTCCTTTGACTACTGGGGACAGGGCACCCTGGTTACCGTCTCCTCC,EVQLVESGGGLVQPGGSLRLSCAASGFTFSRYGLHWVRQAPGKGLEWVAVISYDGNNKYYADSVKGRFTISRDNSKNTLYLQMNSLRAEDTAVYYCARGFWDDAGWSFDYWGQGTLVTVSS,CAGAGCGCCTTGACCCAACCTGCCTCAGTGAGTGGCTCCCCCGGCCAGTCAATTACAATTAGCTGTACAGGCACCAGTAGCGACGTTGGAGGTTACAACTATGTGAGCTGGTACCAGCAACACCCTGGAAAGGCACCAAAGCTGATGATCTACGAAGTCTCTAACAGACCCTCCGGAGTGAGCAACCGCTTTTCTGGATCCAAGAGCGGCAATACAGCTTCCCTGACAATTAGTGGATTGCAGGCCGAGGACGAAGCCGACTATTACTGTACCTCTTACACTTCATCCAGCACCCTGGTGTTTGGTGGCGGAACTAAGCTGACTGTGCTT,QSALTQPASVSGSPGQSITISCTGTSSDVGGYNYVSWYQQHPGKAPKLMIYEVSNRPSGVSNRFSGSKSGNTASLTISGLQAEDEADYYCTSYTSSSTLVFGGGTKLTVL,,,,F,,105000,0.000361,3.44E-09,1.930232558,,162000,0.000939,5.79E-09,4.179620035,2.840358898,63.988983,63.988983,59.02778,59.02778,,,
49,SimpleFitness,H,FGFR1.YSD.1C2-DF.H_1.hIgG1,DEADYYCTSYTSSRTLVFGGGTKLNVLGTTAASGSSGGSSSGAEVQLLESGGGLVQPGGSLRLSCAASGFTFSSYGMHWVRQAPGKGLEWVAVVSYDGSNQYYADSVKGRFTISRDNSKNTLYLQMNSLRAEDTAVYYCARGFWDDAGWSFDYWGQGTLVTVSS,,GAGGTGCAACTGCTCGAAAGCGGAGGGGGCCTGGTTCAGCCGGGCGGATCCTTGAGACTGTCCTGCGCGGCTTCCGGTTTCACTTTCTCTAGCTATGGAATGCACTGGGTACGGCAGGCACCTGGCAAGGGCCTTGAATGGGTCGCTGTGGTATCCTACGACGGAAGTAACCAGTATTACGCTGACTCCGTGAAGGGTCGCTTCACGATCTCAAGAGATAACTCCAAGAATACTCTGTATTTGCAGATGAATAGCCTGCGTGCAGAGGACACCGCCGTCTATTACTGCGCCCGCGGATTCTGGGATGACGCTGGCTGGAGCTTCGACTACTGGGGCCAGGGCACCCTGGTGACCGTGTCCTCC,EVQLLESGGGLVQPGGSLRLSCAASGFTFSSYGMHWVRQAPGKGLEWVAVVSYDGSNQYYADSVKGRFTISRDNSKNTLYLQMNSLRAEDTAVYYCARGFWDDAGWSFDYWGQGTLVTVSS,CAGAGCGCACTGACTCAGCCAGCTAGTGTGTCCGGGTCACCAGGCCAGAGCATCACCATCTCATGCACTGGCACTTCATCCGATGTCGGGGGCTACAACTATGTGTCCTGGTACCAACAGCACCCCGGTAAGGCCCCCAAGTTGATGATCTATGAGGTGTCCAACCGCCCTTCAGGCGTCTCCAACCGCTTCTCCGGCTCAAAGTCCGGCAACACTGCGTCCCTCACGATCTCCGGACTGCAGGCTGAGGACGAAGCCGATTACTATTGTACCTCCTATACATCATCCCGCACCCTGGTGTTCGGCGGTGGCACTAAGCTGAACGTTCTG,QSALTQPASVSGSPGQSITISCTGTSSDVGGYNYVSWYQQHPGKAPKLMIYEVSNRPSGVSNRFSGSKSGNTASLTISGLQAEDEADYYCTSYTSSRTLVFGGGTKLNVL,,,,H,,328000,0.000524,1.60E-09,4.15,,217000,0.00052,2.39E-09,10.12552301,6.482354548,31.023556,31.023556,18.46931,18.46931,384.31857,384.31857,2.58469137
50,SimpleFitness,H,FGFR1.YSD.1C2-DF.H_2.hIgG1,DEADYYCTSYASSRTLVFGGGTKLTVLGTTAASGSSGGSSSGAEVQLLESGGGLVQPGGSLRLSCAASGFTFSSYGMHWVRQAPGKGLEWVAVISYDGSNKYYADSVKGRFTISRDNSKNTLYLQMNSLRAEDTAVYYCARGFWDDAGWSFDYWGQGTLVTVSS,,GAGGTCCAGTTGCTGGAGTCTGGAGGTGGCCTGGTTCAGCCTGGAGGCTCACTGCGCCTCTCCTGCGCTGCCTCAGGGTTCACTTTTAGTTCCTACGGCATGCACTGGGTTCGTCAGGCACCCGGCAAGGGACTGGAATGGGTGGCCGTGATCTCTTACGACGGCAGCAACAAGTACTATGCCGACAGCGTAAAGGGCAGATTCACCATCAGCCGCGATAACTCTAAGAATACCCTCTACCTGCAGATGAACTCCCTTCGGGCTGAGGACACAGCAGTGTATTACTGCGCGCGCGGCTTCTGGGATGACGCCGGCTGGTCCTTCGATTACTGGGGGCAGGGAACACTGGTGACTGTGAGCAGC,EVQLLESGGGLVQPGGSLRLSCAASGFTFSSYGMHWVRQAPGKGLEWVAVISYDGSNKYYADSVKGRFTISRDNSKNTLYLQMNSLRAEDTAVYYCARGFWDDAGWSFDYWGQGTLVTVSS,CAGAGCGCGCTCACCCAGCCCGCCTCAGTGTCCGGGAGTCCCGGACAGTCCATCACTATTTCCTGCACTGGCACCTCTTCCGACGTTGGGGGCTACAACTACGTGTCCTGGTATCAACAGCACCCCGGCAAGGCTCCGAAACTGATGATCTACGAAGTATCCAATCGCCCCTCCGGTGTATCAAACCGTTTCAGTGGCAGTAAATCTGGTAACACCGCTAGCCTGACAATTAGCGGTCTGCAGGCAGAGGATGAAGCGGACTACTATTGTACATCATACGCCTCTAGTAGGACACTGGTTTTCGGCGGTGGGACCAAGCTTACCGTCCTT,QSALTQPASVSGSPGQSITISCTGTSSDVGGYNYVSWYQQHPGKAPKLMIYEVSNRPSGVSNRFSGSKSGNTASLTISGLQAEDEADYYCTSYASSRTLVFGGGTKLTVL,,,,H,,96300,0.000618,6.41E-09,1.035881435,,126000,0.000381,3.02E-09,8.013245033,2.881105997,34.733692,34.733692,22.9263,22.9263,316.43604,316.43604,2.500285941
51,SimpleFitness,H,FGFR1.YSD.1C2-DF.H_3.hIgG1,DEADYYCTSYTSSRSLVFGGGTKLTVLGTTAASGSSGGSSSGAEVQLVESGGGLVKPGGSLRLSCAASGFIFSSYGMHWVRQAPGKGLEWVAVISYDGSNKYYADSVKGRFTISRDNSKNTLYLQMNSLRAEDTAVYYCARGFWDDAGWSFDYWGQGTLVTVSS,,GAAGTGCAACTGGTGGAATCTGGGGGAGGCCTGGTGAAACCGGGTGGCAGCCTGCGTCTCTCTTGCGCTGCCTCCGGCTTCATCTTTAGCTCCTATGGGATGCACTGGGTCCGCCAGGCCCCAGGAAAGGGCCTCGAGTGGGTGGCAGTTATCAGTTATGACGGCTCAAACAAATACTATGCGGATAGTGTCAAGGGACGCTTCACAATCTCCCGCGACAATAGCAAGAACACACTCTACCTGCAGATGAACTCCCTGCGCGCTGAGGACACCGCCGTGTACTATTGTGCCAGGGGCTTTTGGGATGACGCAGGTTGGTCTTTTGACTACTGGGGCCAGGGAACCCTCGTCACGGTTAGCTCC,EVQLVESGGGLVKPGGSLRLSCAASGFIFSSYGMHWVRQAPGKGLEWVAVISYDGSNKYYADSVKGRFTISRDNSKNTLYLQMNSLRAEDTAVYYCARGFWDDAGWSFDYWGQGTLVTVSS,CAGTCTGCTCTGACTCAGCCGGCCTCCGTCTCAGGGAGTCCTGGTCAGTCCATCACCATCAGCTGTACCGGTACCTCTAGTGACGTCGGGGGCTATAACTATGTCTCATGGTATCAACAGCATCCGGGGAAAGCACCTAAACTGATGATTTATGAAGTGTCCAATCGCCCATCTGGCGTCTCTAACCGGTTCTCCGGGTCCAAGAGCGGCAATACAGCCTCCCTGACCATTTCCGGGCTGCAAGCTGAGGATGAAGCTGACTATTACTGCACTTCATATACCAGCTCTCGTTCCCTTGTGTTCGGCGGTGGAACGAAACTCACCGTGCTG,QSALTQPASVSGSPGQSITISCTGTSSDVGGYNYVSWYQQHPGKAPKLMIYEVSNRPSGVSNRFSGSKSGNTASLTISGLQAEDEADYYCTSYTSSRSLVFGGGTKLTVL,,,,H,,106000,0.000936,8.79E-09,0.755403868,,181000,0.000693,3.83E-09,6.318537859,2.184730633,43.43275,43.43275,21.044273,21.044273,268.24194,230.27087,2.362239002
52,SimpleFitness,H,FGFR1.YSD.1C2-DF.H_4.hIgG1,DEADYYCTSYASSRTLVFGGGTKLTVLGTTAASGSSGGSSSGAEVQLLESGGGLVQPGGSLRLSCAASGFTFSSYGMHWVRQAPGKGLEWVAVISFDGSNEYYADSVKGRFTISRDNSKNTLYLQMNSLRAEDTAVYYCARGFWDDAGWSFDYWGQGTLVTVSS,,GAAGTCCAGCTTCTGGAGTCCGGCGGTGGCCTGGTGCAGCCTGGAGGTTCTCTGAGACTGTCCTGCGCGGCCAGTGGTTTTACCTTCTCTTCCTATGGAATGCACTGGGTGCGCCAAGCCCCTGGGAAGGGACTGGAGTGGGTTGCCGTCATTTCCTTTGACGGCAGCAATGAGTATTACGCGGACAGTGTGAAAGGAAGATTTACAATCTCTCGCGACAACTCCAAGAACACACTCTACCTGCAAATGAACTCTTTGCGCGCGGAAGACACTGCTGTGTATTACTGCGCCCGCGGCTTTTGGGACGATGCTGGTTGGTCATTTGACTACTGGGGCCAGGGCACGCTGGTGACCGTCTCTAGC,EVQLLESGGGLVQPGGSLRLSCAASGFTFSSYGMHWVRQAPGKGLEWVAVISFDGSNEYYADSVKGRFTISRDNSKNTLYLQMNSLRAEDTAVYYCARGFWDDAGWSFDYWGQGTLVTVSS,CAATCCGCGCTGACCCAGCCGGCCTCCGTGAGCGGTAGCCCAGGACAGTCTATCACCATCTCCTGCACCGGTACTAGCTCTGACGTGGGTGGATATAATTACGTGTCTTGGTACCAACAGCACCCAGGCAAGGCTCCAAAGTTGATGATCTATGAAGTCTCCAATCGCCCTTCCGGTGTGTCTAATAGATTCAGTGGCAGCAAATCCGGTAACACAGCTTCCCTCACAATTAGCGGCTTGCAGGCTGAGGACGAGGCCGACTACTATTGTACCAGTTACGCGTCCAGTCGTACTCTGGTCTTCGGCGGTGGCACCAAGTTGACTGTGCTG,QSALTQPASVSGSPGQSITISCTGTSSDVGGYNYVSWYQQHPGKAPKLMIYEVSNRPSGVSNRFSGSKSGNTASLTISGLQAEDEADYYCTSYASSRTLVFGGGTKLTVL,,,,H,,255000,0.000237,9.30E-10,7.139784946,,268000,0.000471,1.76E-09,13.75,9.90818061,49.933266,49.933266,34.068714,34.068714,265.62045,265.62045,2.424261508
53,SimpleFitness,H,FGFR1.YSD.1C2-DF.H_6.hIgG1,DEADYYCTSFTSSTTVVFGGGTKLTVLGTTAASGSSGGSSSGAEVQLVESGGGVVQPGRSLRLSCAASGFTFSDYGMHWVRQAPGKGLEWVAVMSYDGSNKYYADSVKGRFTISRDNSKNTLYLQMNSLRAEDTAVYYCARGFWDDAGWSFDYWGQGTLVTVSS,,GAGGTGCAACTGGTGGAATCAGGTGGCGGAGTCGTACAGCCAGGTCGCTCCCTGCGTCTCTCATGTGCGGCATCTGGCTTCACATTCTCTGACTACGGCATGCACTGGGTGAGACAGGCTCCTGGCAAGGGTCTGGAGTGGGTGGCTGTTATGAGTTACGACGGCTCCAACAAATACTATGCTGATAGCGTGAAGGGCCGTTTCACCATCTCCCGCGATAATTCCAAGAACACACTGTATCTGCAAATGAACTCTCTCCGGGCAGAGGACACCGCTGTGTATTACTGTGCTAGGGGCTTTTGGGATGACGCCGGGTGGAGCTTCGACTACTGGGGTCAAGGGACACTGGTGACGGTGTCAAGC,EVQLVESGGGVVQPGRSLRLSCAASGFTFSDYGMHWVRQAPGKGLEWVAVMSYDGSNKYYADSVKGRFTISRDNSKNTLYLQMNSLRAEDTAVYYCARGFWDDAGWSFDYWGQGTLVTVSS,CAGAGCGCCCTCACCCAGCCCGCATCTGTTTCCGGGTCCCCCGGACAGAGCATCACCATCAGCTGTACGGGTACCTCCAGCGACGTCGGCGGATATAACTATGTGTCTTGGTACCAACAGCACCCGGGAAAGGCTCCCAAGCTGATGATCTACGAAGTCTCTAACCGCCCCAGCGGTGTGTCCAACCGCTTCAGCGGATCCAAAAGCGGAAACACTGCCTCCCTGACAATCAGTGGACTGCAAGCTGAAGACGAAGCCGACTACTATTGTACGTCTTTTACAAGTAGCACAACCGTCGTATTCGGCGGGGGAACGAAACTGACAGTTCTG,QSALTQPASVSGSPGQSITISCTGTSSDVGGYNYVSWYQQHPGKAPKLMIYEVSNRPSGVSNRFSGSKSGNTASLTISGLQAEDEADYYCTSFTSSTTVVFGGGTKLTVL,,,,H,,215000,0.000431,2.00E-09,3.32,,248000,0.000919,3.70E-09,6.540540541,4.659892123,24.686356,24.686356,11.950709,11.950709,214.89778,214.89778,2.332231929
