Name,Short name,Design,"HELMnolinker, no gkk",Deep fitness (old model),"Deep fitness rank (old model, unclear how calculated)",Final round readcount rank,Simple inferred fitness,Binder,KD (mM),SPR KD (mM) original,SPR KD SD,Comment,aa1,0_freq, 1_freq , 2_freq , 3_freq , 4_freq , 5_freq , 6_freq ,ALogP_GNE,N+O,NH+OH,TPSA,H_polar,MW,Charge,Solubility_Index,RotBonds,gPerm_MCP_MPO,aa2,aa3,aa4,aa5,aa6,aa7,aa8,aa9,aa10,aa11
G03510990.21-1,G990,Human,Not found,,,,,FALSE,,nb,,,F,,,,,,,,,,,,,,,,,,Bip,Tic,V,S,y,HBuG,C,G,K,K
G03510991.21-1,G991,Human,"PEPTIDE1{[ClAc_F].[Bip].[Tic].V.S.[HyG].[tBuG].C}$PEPTIDE1,PEPTIDE1,8:R3-1:R3$$$",1.2711352,,37,15.9325,FALSE,,nb,,,F,,,,,,,,,,,,,,,,,,Bip,Tic,V,S,HyG,tBuG,C,G,K,K
G03510993.21-1,G993,Human,"PEPTIDE1{[ClAc_F].[Bip].[Tic].V.R.[HyG].[tBuG].C}$PEPTIDE1,PEPTIDE1,8:R3-1:R3$$$",1.2776093,,21,19.898355,TRUE,0.38,0.38,0.03,(steady-state),F,,,,,,,,,,,,,,,,,,Bip,Tic,V,R,HyG,tBuG,C,G,K,K
G03510997.21-1,G997,Human,"PEPTIDE1{[ClAc_F].[Bip].[Tic].[4TzA].C.V.Y.[4TzA]}$PEPTIDE1,PEPTIDE1,5:R3-1:R3$$$",0.8633333,,3,9.663819,TRUE,,b,,,F,,,,,,,,,,,,,,,,,,Bip,Tic,4TzA,C,V,Y,4TzA,G,K,K
G03510999.21-1,G999,Human,"PEPTIDE1{[ClAc_F].[Bip].[Tic].[4TzA].C.[tBuG].Y.R}$PEPTIDE1,PEPTIDE1,5:R3-1:R3$$$",0.9911623,,2,12.171406,TRUE,,b,,,F,,,,,,,,,,,,,,,,,,Bip,Tic,4TzA,C,tBuG,Y,R,G,K,K
G03511001.21-1,G001,Human,"PEPTIDE1{[ClAc_F].[Bip].[Tic].[4TzA].C.Y.R.Y}$PEPTIDE1,PEPTIDE1,5:R3-1:R3$$$",0.8402302,,1,10.710925,TRUE,0.5,0.5,0.23,(kin),F,,,,,,,,,,,,,,,,,,Bip,Tic,4TzA,C,Y,R,Y,G,K,K
G03573654,G654,DeepFitness,"PEPTIDE1{[ClAc_F].[MeF].Y.V.Y.C.H.H}$PEPTIDE1,PEPTIDE1,6:R3-1:R3$$$",2.223538,85,730,173.08394,TRUE,,b,,,F,,,,,, 0.00000 , 0.00002 ,1.434052414,24,13,364.3651428,13.01858163,1168.324508,0.017802358,4.107299805,14,0.457400702,MeF,Y,V,Y,C,H,H,G,K,K
G03573655,G655,DeepFitness,"PEPTIDE1{[ClAc_F].[Bip].[Tic].G.C.[tBuG].Y.R}$PEPTIDE1,PEPTIDE1,5:R3-1:R3$$$",1.8057598,111,454,10.409311,TRUE,0.3,0.3,,(n1 steady-state),F,,, 0.00000 , 0.00001 , 0.00001 , 0.00004 , 0.00005 ,3.031379766,22,14,348.7038879,15.01404977,1179.390088,1.015009999,4.831176758,14,0.521918276,Bip,Tic,G,C,tBuG,Y,R,G,K,K
G03573656,G656,DeepFitness,"PEPTIDE1{[ClAc_F].[Bip].[Tic].G.C.Y.R.Y}$PEPTIDE1,PEPTIDE1,5:R3-1:R3$$$",1.5564656,144,402,8.970747,TRUE,0.14,0.14,0.06,,F,,, 0.00000 , 0.00001 , 0.00004 , 0.00007 , 0.00007 ,3.203217334,23,15,368.9350891,16.02662301,1229.405756,1.027506948,5.293334961,15,0.493656844,Bip,Tic,G,C,Y,R,Y,G,K,K
G03573657,G657,DeepFitness,"PEPTIDE1{[ClAc_F].[Bip].[Tic].N.C.Y.R.R}$PEPTIDE1,PEPTIDE1,5:R3-1:R3$$$",1.2916515,205,733,10.713003,TRUE,,b,,,F,,, 0.00000 , 0.00000 , 0.00001 , 0.00002 , 0.00002 ,0.645978755,27,20,453.686615,22.02674508,1279.469089,2.028025746,3.492553711,20,0.18547851,Bip,Tic,N,C,Y,R,R,G,K,K
G03510993.21-1,G993,DeepFitness,"PEPTIDE1{[ClAc_F].[Bip].[Tic].V.R.[HyG].[tBuG].C}$PEPTIDE1,PEPTIDE1,8:R3-1:R3$$$",1.2776093,208,20,19.898355,TRUE,0.38,0.38,0.03,(steady-state),F,, 0.00001 , 0.00005 , 0.00029 , 0.00123 , 0.00326 , 0.00967 ,4.107810921,22,13,339.9124451,14.00275826,1221.469972,1.003260732,5.219116211,15,0.475407958,Bip,Tic,V,R,HyG,tBuG,C,G,K,K
G03573658,G658,DeepFitness,"PEPTIDE1{[ClAc_F].[Bip].[Tic].N.C.Y.R.Y}$PEPTIDE1,PEPTIDE1,5:R3-1:R3$$$",1.2062016,224,457,9.316793,TRUE,0.09,0.09,0.02,(steady-state),F,,, 0.00000 , 0.00001 , 0.00003 , 0.00005 , 0.00005 ,2.44087202,25,17,412.0281067,18.02396798,1286.456793,1.024943471,5.100952148,17,0.394153829,Bip,Tic,N,C,Y,R,Y,G,K,K
G03573659,G659,DeepFitness,"PEPTIDE1{[ClAc_F].H.[MeF].[Tic].G.C.Y.H}$PEPTIDE1,PEPTIDE1,6:R3-1:R3$$$",1.1794803,231,41,12.324677,FALSE,,nb,,,F,, 0.00000 , 0.00001 , 0.00076 , 0.00235 , 0.00260 , 0.00450 ,0.333461708,23,11,335.3191223,10.99026132,1122.256412,-0.009144664,3.82824707,11,0.42787866,H,MeF,Tic,G,C,Y,H,G,K,K
G03573660,G660,DeepFitness,"PEPTIDE1{[ClAc_F].[Bip].[Tic].G.C.Y.Y.Y}$PEPTIDE1,PEPTIDE1,5:R3-1:R3$$$",1.1408592,240,627,7.897908,TRUE,,b,,,F,,, 0.00000 , 0.00001 , 0.00003 , 0.00003 , 0.00003 ,4.998110599,21,12,327.2766418,12.02384591,1236.393461,0.024424672,6.901733398,12,0.563401199,Bip,Tic,G,C,Y,Y,Y,G,K,K
G03573661,G661,DeepFitness,"PEPTIDE1{[ClAc_F].[Bip].V.[4TzA].C.Y.R.Y}$PEPTIDE1,PEPTIDE1,5:R3-1:R3$$$",1.0598778,274,680,10.34628,TRUE,0.23,0.23,0.04,(steady-state),F,,, 0.00000 , 0.00000 , 0.00001 , 0.00002 , 0.00003 ,3.196283645,24,16,390.6562805,17.04581857,1266.490376,1.045725942,5.01550293,18,0.405662372,Bip,V,4TzA,C,Y,R,Y,G,K,K
G03573662,G662,DeepFitness,"PEPTIDE1{[ClAc_F].[Bip].[Tic].[4TzA].C.V.Y.R}$PEPTIDE1,PEPTIDE1,5:R3-1:R3$$$",0.98328096,317,73,7.6647763,TRUE,0.12,0.12,0.02,(steady-state),F,, 0.00001 , 0.00015 , 0.00080 , 0.00189 , 0.00228 , 0.00226 ,3.422923393,23,14,361.6101379,15.02335763,1262.501805,1.023722768,5.537719727,16,0.467309931,Bip,Tic,4TzA,C,V,Y,R,G,K,K
G03573663,G663,DeepFitness,"PEPTIDE1{[ClAc_F].[MeF].N.C.H.[Bip].V.Y}$PEPTIDE1,PEPTIDE1,4:R3-1:R3$$$",0.9367209,336,66,9.0281,TRUE,0.61,0.61,0.16,(steady-state),F,, 0.00001 , 0.00006 , 0.00068 , 0.00184 , 0.00216 , 0.00250 ,2.360735959,23,13,358.5724487,13.01365304,1205.384437,0.013468862,5.923583984,15,0.532297516,MeF,N,C,H,Bip,V,Y,G,K,K
G03573664,G664,DeepFitness,"PEPTIDE1{[ClAc_F].[Bip].[Tic].G.C.V.Y.[4TzA]}$PEPTIDE1,PEPTIDE1,5:R3-1:R3$$$",0.9256527,342,493,6.8033385,TRUE,,b,,,F,, 0.00000 , 0.00000 , 0.00001 , 0.00003 , 0.00005 , 0.00005 ,3.444950408,20,10,299.7030945,10.01337838,1163.36782,0.013713002,5.941772461,11,0.648794323,Bip,Tic,G,C,V,Y,4TzA,G,K,K
G03573665,G665,DeepFitness,"PEPTIDE1{[ClAc_F].[Bip].[Tic].[4TzA].C.[tBuG].R.Y}$PEPTIDE1,PEPTIDE1,5:R3-1:R3$$$",0.91113645,350,241,5.22642,TRUE,0.05,0.05,0.01,(kin),F,, 0.00000 , 0.00005 , 0.00020 , 0.00032 , 0.00027 , 0.00020 ,3.69672162,23,14,361.627655,15.01212716,1276.5283,1.013209462,5.478637695,16,0.450882284,Bip,Tic,4TzA,C,tBuG,R,Y,G,K,K
G03573666,G666,DeepFitness,"PEPTIDE1{[ClAc_F].[Bip].[Tic].[4TzA].C.[Tic].Y.R}$PEPTIDE1,PEPTIDE1,5:R3-1:R3$$$",0.9033014,353,690,9.232789,TRUE,0.29,0.29,,(kin n1),F,,, 0.00000 , 0.00000 , 0.00001 , 0.00002 , 0.00003 ,4.095198936,23,13,352.8127441,14.00223947,1322.555398,1.003703237,6.463012695,15,0.487920483,Bip,Tic,4TzA,C,Tic,Y,R,G,K,K
G03573667,G667,DeepFitness,"PEPTIDE1{[ClAc_F].[MeF].N.C.R.[Bip].V.[Bip]}$PEPTIDE1,PEPTIDE1,4:R3-1:R3$$$",0.9021484,354,26,9.049177,FALSE,,nb,,,F,, 0.00001 , 0.00026 , 0.00254 , 0.00648 , 0.00639 , 0.00781 ,4.027737803,23,15,371.59375,16.02135873,1284.527314,1.021708608,7.528076172,19,0.3851529,MeF,N,C,R,Bip,V,Bip,G,K,K
G03573668,G668,DeepFitness,"PEPTIDE1{[ClAc_F].[Bip].[Tic].[4TzA].C.[tBuG].Y.Y}$PEPTIDE1,PEPTIDE1,5:R3-1:R3$$$",0.89143956,360,35,8.266972,TRUE,,b,,,F,, 0.00001 , 0.00028 , 0.00184 , 0.00418 , 0.00548 , 0.00581 ,5.491614885,21,11,319.9691772,11.00935006,1283.516004,0.010127187,7.087036133,13,0.538236637,Bip,Tic,4TzA,C,tBuG,Y,Y,G,K,K
G03573669,G669,DeepFitness,"PEPTIDE1{[ClAc_F].[Bip].[Tic].G.C.Y.R.V}$PEPTIDE1,PEPTIDE1,5:R3-1:R3$$$",0.8777868,375,745,7.0462947,TRUE,0.11,0.11,0.01,(steady-state),F,,, 0.00000 , 0.00001 , 0.00002 , 0.00003 , 0.00002 ,2.757581539,22,14,348.6863708,15.02528024,1165.363593,1.025523305,4.890258789,14,0.510966101,Bip,Tic,G,C,Y,R,V,G,K,K
G03573670,G670,DeepFitness,"PEPTIDE1{[ClAc_F].[Bip].V.[4TzA].C.[tBuG].Y.R}$PEPTIDE1,PEPTIDE1,5:R3-1:R3$$$",0.8558101,391,711,9.960245,TRUE,,b,,(steady-state),F,,, 0.00000 , 0.00000 , 0.00001 , 0.00002 , 0.00003 ,3.024446077,23,15,370.4251099,16.03324533,1216.474707,1.033228993,4.553344727,17,0.415048117,Bip,V,4TzA,C,tBuG,Y,R,G,K,K
G03573671,G671,DeepFitness,"PEPTIDE1{[ClAc_F].[MeF].[4TzA].C.R.[Bip].V.Y}$PEPTIDE1,PEPTIDE1,4:R3-1:R3$$$",0.85263944,395,27,9.116749,TRUE,0.12,0.12,0.02,(kin),F,, 0.00001 , 0.00024 , 0.00236 , 0.00697 , 0.00694 , 0.00749 ,3.669534511,23,14,361.6339111,15.02911019,1264.517735,1.029338002,5.471801758,18,0.402568392,MeF,4TzA,C,R,Bip,V,Y,G,K,K
G03573672,G672,DeepFitness,"PEPTIDE1{[ClAc_F].[Bip].[Tic].[4TzA].C.[tBuG].R.R}$PEPTIDE1,PEPTIDE1,5:R3-1:R3$$$",0.85095936,400,131,7.5682406,TRUE,0.16,0.16,,(kin),F,, 0.00000 , 0.00005 , 0.00032 , 0.00070 , 0.00088 , 0.00085 ,1.901828355,25,17,403.2861633,19.01490426,1269.540596,2.016291738,3.870239258,19,0.260165172,Bip,Tic,4TzA,C,tBuG,R,R,G,K,K
